model,model_key,stem,id,reward,status,hud_reward,hud_status,trace_id,valid_json,pdb_answer,answer_chars,subscores_json,info_json
Opus 4.8,claude-opus-4-8,opus48,DBEVAL-V0-041,0.21797583081570998,scored,0.21797583081570998,completed,b1d4c503-2ac0-458d-9e6c-21c9e8e83651,True,True,33551,"{""backbone_atom_completeness"": 1.0, ""ca_lddt"": 0.21797583081570998, ""coordinate_coverage"": 1.0, ""lddt_distance_cutoff_angstrom"": 15.0, ""lddt_evaluated_contacts"": 1655, ""lddt_missing_contacts"": 0, ""lddt_reference_contacts"": 1655, ""structure_validity"": 1.0}","{""backbone_completeness"": 1.0, ""lddt_thresholds_angstrom"": [0.5, 1.0, 2.0, 4.0], ""n_pred"": 85, ""n_true"": 85, ""overlap"": 85, ""structure_format"": ""pdb"", ""validity"": 1.0}"
Opus 4.8,claude-opus-4-8,opus48,DBEVAL-V0-042,0.2748272884283247,scored,0.2748272884283247,completed,d766c5c1-8ae2-4c60-948d-6279c52e3a30,True,True,32761,"{""backbone_atom_completeness"": 1.0, ""ca_lddt"": 0.2748272884283247, ""coordinate_coverage"": 1.0, ""lddt_distance_cutoff_angstrom"": 15.0, ""lddt_evaluated_contacts"": 1158, ""lddt_missing_contacts"": 0, ""lddt_reference_contacts"": 1158, ""structure_validity"": 1.0}","{""backbone_completeness"": 1.0, ""lddt_thresholds_angstrom"": [0.5, 1.0, 2.0, 4.0], ""n_pred"": 83, ""n_true"": 83, ""overlap"": 83, ""structure_format"": ""pdb"", ""validity"": 1.0}"
Opus 4.8,claude-opus-4-8,opus48,DBEVAL-V0-043,0.0,invalid_answer,0.0,completed,b61c881c-cc7c-433e-a82b-4da9ca92b6a1,True,True,21,{},"{""reason"": ""pdb does not contain parseable CA coordinates""}"
Opus 4.8,claude-opus-4-8,opus48,DBEVAL-V0-044,0.4124860646599777,scored,0.4124860646599777,completed,99eb8f6b-27d3-4a0d-81a3-369972ba48fa,True,True,31622,"{""backbone_atom_completeness"": 1.0, ""ca_lddt"": 0.4124860646599777, ""coordinate_coverage"": 1.0, ""lddt_distance_cutoff_angstrom"": 15.0, ""lddt_evaluated_contacts"": 897, ""lddt_missing_contacts"": 0, ""lddt_reference_contacts"": 897, ""structure_validity"": 1.0}","{""backbone_completeness"": 1.0, ""lddt_thresholds_angstrom"": [0.5, 1.0, 2.0, 4.0], ""n_pred"": 80, ""n_true"": 80, ""overlap"": 80, ""structure_format"": ""pdb"", ""validity"": 1.0}"
Opus 4.8,claude-opus-4-8,opus48,DBEVAL-V0-045,0.34502262443438914,scored,0.34502262443438914,completed,fe87c6a2-ec47-49ad-bef1-92fb71f6b06c,True,True,33385,"{""backbone_atom_completeness"": 1.0, ""ca_lddt"": 0.34502262443438914, ""coordinate_coverage"": 1.0, ""lddt_distance_cutoff_angstrom"": 15.0, ""lddt_evaluated_contacts"": 1547, ""lddt_missing_contacts"": 0, ""lddt_reference_contacts"": 1547, ""structure_validity"": 1.0}","{""backbone_completeness"": 1.0, ""lddt_thresholds_angstrom"": [0.5, 1.0, 2.0, 4.0], ""n_pred"": 84, ""n_true"": 84, ""overlap"": 84, ""structure_format"": ""pdb"", ""validity"": 1.0}"
Opus 4.8,claude-opus-4-8,opus48,DBEVAL-V0-046,0.0,invalid_answer,0.0,completed,13720c1a-ffda-424b-88ae-c9e9b144b76e,True,True,21,{},"{""reason"": ""pdb does not contain parseable CA coordinates""}"
Opus 4.8,claude-opus-4-8,opus48,DBEVAL-V0-047,0.0,invalid_answer,0.0,completed,5ec43b6f-9f40-470e-bdfe-4d1028299c88,True,True,21,{},"{""reason"": ""pdb does not contain parseable CA coordinates""}"
Opus 4.8,claude-opus-4-8,opus48,DBEVAL-V0-048,0.0,invalid_answer,0.0,completed,c37c2cfb-5971-4a52-b095-d730ab6ded19,True,True,21,{},"{""reason"": ""pdb does not contain parseable CA coordinates""}"
Opus 4.8,claude-opus-4-8,opus48,DBEVAL-V0-049,0.256055900621118,scored,0.256055900621118,completed,dd4b6db1-e7be-4ce2-925e-f947d940c876,True,True,32103,"{""backbone_atom_completeness"": 1.0, ""ca_lddt"": 0.256055900621118, ""coordinate_coverage"": 1.0, ""lddt_distance_cutoff_angstrom"": 15.0, ""lddt_evaluated_contacts"": 1610, ""lddt_missing_contacts"": 0, ""lddt_reference_contacts"": 1610, ""structure_validity"": 1.0}","{""backbone_completeness"": 1.0, ""lddt_thresholds_angstrom"": [0.5, 1.0, 2.0, 4.0], ""n_pred"": 81, ""n_true"": 81, ""overlap"": 81, ""structure_format"": ""pdb"", ""validity"": 1.0}"
Opus 4.8,claude-opus-4-8,opus48,DBEVAL-V0-050,0.7314077025232404,scored,0.7314077025232404,completed,4f04f8d0-c7b7-4d72-8312-6ff927dc1c7f,True,True,32361,"{""backbone_atom_completeness"": 1.0, ""ca_lddt"": 0.7314077025232404, ""coordinate_coverage"": 1.0, ""lddt_distance_cutoff_angstrom"": 15.0, ""lddt_evaluated_contacts"": 753, ""lddt_missing_contacts"": 0, ""lddt_reference_contacts"": 753, ""structure_validity"": 1.0}","{""backbone_completeness"": 1.0, ""lddt_thresholds_angstrom"": [0.5, 1.0, 2.0, 4.0], ""n_pred"": 82, ""n_true"": 82, ""overlap"": 82, ""structure_format"": ""pdb"", ""validity"": 1.0}"
Opus 4.8,claude-opus-4-8,opus48,DBEVAL-V0-051,0.04356492027334852,scored,0.04356492027334852,completed,ff266d53-0cd0-41bb-a2fe-155e27598b61,True,True,32327,"{""backbone_atom_completeness"": 1.0, ""ca_lddt"": 0.04356492027334852, ""coordinate_coverage"": 0.2375, ""lddt_distance_cutoff_angstrom"": 15.0, ""lddt_evaluated_contacts"": 78, ""lddt_missing_contacts"": 800, ""lddt_reference_contacts"": 878, ""structure_validity"": 1.0}","{""backbone_completeness"": 1.0, ""lddt_thresholds_angstrom"": [0.5, 1.0, 2.0, 4.0], ""n_pred"": 19, ""n_true"": 80, ""overlap"": 19, ""structure_format"": ""pdb"", ""validity"": 1.0}"
Opus 4.8,claude-opus-4-8,opus48,DBEVAL-V0-052,0.22190553745928338,scored,0.22190553745928338,completed,bb19f6bc-fd6d-45a3-b8fa-2629ad0ef102,True,True,27064,"{""backbone_atom_completeness"": 1.0, ""ca_lddt"": 0.22190553745928338, ""coordinate_coverage"": 1.0, ""lddt_distance_cutoff_angstrom"": 15.0, ""lddt_evaluated_contacts"": 1228, ""lddt_missing_contacts"": 0, ""lddt_reference_contacts"": 1228, ""structure_validity"": 1.0}","{""backbone_completeness"": 1.0, ""lddt_thresholds_angstrom"": [0.5, 1.0, 2.0, 4.0], ""n_pred"": 84, ""n_true"": 84, ""overlap"": 84, ""structure_format"": ""pdb"", ""validity"": 1.0}"
Opus 4.8,claude-opus-4-8,opus48,DBEVAL-V0-053,0.5533262935586061,scored,0.5533262935586061,completed,df70b99e-8f54-487d-bb4a-e67f6172f2f4,True,True,32021,"{""backbone_atom_completeness"": 1.0, ""ca_lddt"": 0.5533262935586061, ""coordinate_coverage"": 1.0, ""lddt_distance_cutoff_angstrom"": 15.0, ""lddt_evaluated_contacts"": 947, ""lddt_missing_contacts"": 0, ""lddt_reference_contacts"": 947, ""structure_validity"": 1.0}","{""backbone_completeness"": 1.0, ""lddt_thresholds_angstrom"": [0.5, 1.0, 2.0, 4.0], ""n_pred"": 81, ""n_true"": 81, ""overlap"": 81, ""structure_format"": ""pdb"", ""validity"": 1.0}"
Opus 4.8,claude-opus-4-8,opus48,DBEVAL-V0-054,0.15193602693602692,scored,0.15193602693602692,completed,19e995f9-bcc5-4bd1-b1a0-e7e60af54614,True,True,26727,"{""backbone_atom_completeness"": 1.0, ""ca_lddt"": 0.15193602693602692, ""coordinate_coverage"": 1.0, ""lddt_distance_cutoff_angstrom"": 15.0, ""lddt_evaluated_contacts"": 1188, ""lddt_missing_contacts"": 0, ""lddt_reference_contacts"": 1188, ""structure_validity"": 1.0}","{""backbone_completeness"": 1.0, ""lddt_thresholds_angstrom"": [0.5, 1.0, 2.0, 4.0], ""n_pred"": 83, ""n_true"": 83, ""overlap"": 83, ""structure_format"": ""pdb"", ""validity"": 1.0}"
Opus 4.8,claude-opus-4-8,opus48,DBEVAL-V0-055,0.27518796992481204,scored,0.27518796992481204,completed,e3e97871-5073-4355-88d2-655940e7540d,True,True,31641,"{""backbone_atom_completeness"": 1.0, ""ca_lddt"": 0.27518796992481204, ""coordinate_coverage"": 1.0, ""lddt_distance_cutoff_angstrom"": 15.0, ""lddt_evaluated_contacts"": 1330, ""lddt_missing_contacts"": 0, ""lddt_reference_contacts"": 1330, ""structure_validity"": 1.0}","{""backbone_completeness"": 1.0, ""lddt_thresholds_angstrom"": [0.5, 1.0, 2.0, 4.0], ""n_pred"": 81, ""n_true"": 81, ""overlap"": 81, ""structure_format"": ""pdb"", ""validity"": 1.0}"
Opus 4.8,claude-opus-4-8,opus48,DBEVAL-V0-056,0.9873188405797102,scored,0.9873188405797102,completed,35ae8059-9d0b-422d-9e00-755d70defb7c,True,True,32682,"{""backbone_atom_completeness"": 1.0, ""ca_lddt"": 0.9873188405797102, ""coordinate_coverage"": 1.0, ""lddt_distance_cutoff_angstrom"": 15.0, ""lddt_evaluated_contacts"": 690, ""lddt_missing_contacts"": 0, ""lddt_reference_contacts"": 690, ""structure_validity"": 1.0}","{""backbone_completeness"": 1.0, ""lddt_thresholds_angstrom"": [0.5, 1.0, 2.0, 4.0], ""n_pred"": 82, ""n_true"": 82, ""overlap"": 82, ""structure_format"": ""pdb"", ""validity"": 1.0}"
Opus 4.8,claude-opus-4-8,opus48,DBEVAL-V0-057,0.1389739663093415,scored,0.1389739663093415,completed,0fee0865-9a12-4bb1-a011-385bcd54cbad,True,True,52743,"{""backbone_atom_completeness"": 1.0, ""ca_lddt"": 0.1389739663093415, ""coordinate_coverage"": 1.0, ""lddt_distance_cutoff_angstrom"": 15.0, ""lddt_evaluated_contacts"": 1306, ""lddt_missing_contacts"": 0, ""lddt_reference_contacts"": 1306, ""structure_validity"": 1.0}","{""backbone_completeness"": 1.0, ""lddt_thresholds_angstrom"": [0.5, 1.0, 2.0, 4.0], ""n_pred"": 82, ""n_true"": 82, ""overlap"": 82, ""structure_format"": ""pdb"", ""validity"": 1.0}"
Opus 4.8,claude-opus-4-8,opus48,DBEVAL-V0-058,0.6938325991189427,scored,0.6938325991189427,completed,570f355e-b2bf-4263-8326-c2032534d7e1,True,True,31641,"{""backbone_atom_completeness"": 1.0, ""ca_lddt"": 0.6938325991189427, ""coordinate_coverage"": 1.0, ""lddt_distance_cutoff_angstrom"": 15.0, ""lddt_evaluated_contacts"": 681, ""lddt_missing_contacts"": 0, ""lddt_reference_contacts"": 681, ""structure_validity"": 1.0}","{""backbone_completeness"": 1.0, ""lddt_thresholds_angstrom"": [0.5, 1.0, 2.0, 4.0], ""n_pred"": 80, ""n_true"": 80, ""overlap"": 80, ""structure_format"": ""pdb"", ""validity"": 1.0}"
Opus 4.8,claude-opus-4-8,opus48,DBEVAL-V0-059,0.5391692954784437,scored,0.5391692954784437,completed,8b6b7a63-f7ba-4b44-9d35-40651cf83de0,True,True,32109,"{""backbone_atom_completeness"": 1.0, ""ca_lddt"": 0.5391692954784437, ""coordinate_coverage"": 1.0, ""lddt_distance_cutoff_angstrom"": 15.0, ""lddt_evaluated_contacts"": 951, ""lddt_missing_contacts"": 0, ""lddt_reference_contacts"": 951, ""structure_validity"": 1.0}","{""backbone_completeness"": 1.0, ""lddt_thresholds_angstrom"": [0.5, 1.0, 2.0, 4.0], ""n_pred"": 81, ""n_true"": 81, ""overlap"": 81, ""structure_format"": ""pdb"", ""validity"": 1.0}"
Opus 4.8,claude-opus-4-8,opus48,DBEVAL-V0-060,0.17286450662739322,scored,0.17286450662739322,completed,7fb954db-7875-4dc6-819b-7767daa45c8f,True,True,31703,"{""backbone_atom_completeness"": 1.0, ""ca_lddt"": 0.17286450662739322, ""coordinate_coverage"": 1.0, ""lddt_distance_cutoff_angstrom"": 15.0, ""lddt_evaluated_contacts"": 1358, ""lddt_missing_contacts"": 0, ""lddt_reference_contacts"": 1358, ""structure_validity"": 1.0}","{""backbone_completeness"": 1.0, ""lddt_thresholds_angstrom"": [0.5, 1.0, 2.0, 4.0], ""n_pred"": 80, ""n_true"": 80, ""overlap"": 80, ""structure_format"": ""pdb"", ""validity"": 1.0}"
Gemini 3.1 Pro,gemini-3.1-pro-preview,gemini31pro,DBEVAL-V0-041,0.0,invalid_answer,0.0,error,ec2171f0-422c-4bee-8786-ae6d89041e3c,False,False,0,"{""json_parse"": 0.0}","{""error"": ""empty answer""}"
Gemini 3.1 Pro,gemini-3.1-pro-preview,gemini31pro,DBEVAL-V0-042,0.0,invalid_answer,0.0,error,b2e196be-a679-4820-bb89-533b9233f67f,False,False,0,"{""json_parse"": 0.0}","{""error"": ""empty answer""}"
Gemini 3.1 Pro,gemini-3.1-pro-preview,gemini31pro,DBEVAL-V0-043,0.0,invalid_answer,0.0,error,34efd04d-74b4-48db-b760-9a43a8e3f0ed,False,False,0,"{""json_parse"": 0.0}","{""error"": ""empty answer""}"
Gemini 3.1 Pro,gemini-3.1-pro-preview,gemini31pro,DBEVAL-V0-044,0.0,invalid_answer,0.0,error,cbd5f65f-feee-4434-aa24-3976494fa798,False,False,0,"{""json_parse"": 0.0}","{""error"": ""empty answer""}"
Gemini 3.1 Pro,gemini-3.1-pro-preview,gemini31pro,DBEVAL-V0-045,0.0,invalid_answer,0.0,error,4c682c24-1ed8-4248-8fd7-30dedb95ecf2,False,False,0,"{""json_parse"": 0.0}","{""error"": ""empty answer""}"
Gemini 3.1 Pro,gemini-3.1-pro-preview,gemini31pro,DBEVAL-V0-046,0.0,invalid_answer,0.0,error,2aee2f6f-0a77-4b37-a494-7e1540876dc8,False,False,0,"{""json_parse"": 0.0}","{""error"": ""empty answer""}"
Gemini 3.1 Pro,gemini-3.1-pro-preview,gemini31pro,DBEVAL-V0-047,0.0,invalid_answer,0.0,error,45f9922f-56f5-41b9-ab25-21d51a588f92,False,False,0,"{""json_parse"": 0.0}","{""error"": ""empty answer""}"
Gemini 3.1 Pro,gemini-3.1-pro-preview,gemini31pro,DBEVAL-V0-048,0.0,invalid_answer,0.0,error,ab497b0e-8411-471c-b381-16c6f62c6fa8,False,False,0,"{""json_parse"": 0.0}","{""error"": ""empty answer""}"
Gemini 3.1 Pro,gemini-3.1-pro-preview,gemini31pro,DBEVAL-V0-049,0.0,invalid_answer,0.0,error,b74a257a-cc11-46b4-8cea-e40e331e7858,False,False,0,"{""json_parse"": 0.0}","{""error"": ""empty answer""}"
Gemini 3.1 Pro,gemini-3.1-pro-preview,gemini31pro,DBEVAL-V0-050,0.0,invalid_answer,0.0,error,1851afec-ff52-4b33-88fb-ac52b198190c,False,False,0,"{""json_parse"": 0.0}","{""error"": ""empty answer""}"
Gemini 3.1 Pro,gemini-3.1-pro-preview,gemini31pro,DBEVAL-V0-051,0.0,invalid_answer,0.0,error,2bfb3476-be20-4dde-944c-26f531f959f7,False,False,0,"{""json_parse"": 0.0}","{""error"": ""empty answer""}"
Gemini 3.1 Pro,gemini-3.1-pro-preview,gemini31pro,DBEVAL-V0-052,0.0,invalid_answer,0.0,error,24880242-95c4-4382-9c72-52fd8c26e92c,False,False,0,"{""json_parse"": 0.0}","{""error"": ""empty answer""}"
Gemini 3.1 Pro,gemini-3.1-pro-preview,gemini31pro,DBEVAL-V0-053,0.0,invalid_answer,0.0,error,241c70c8-0359-480d-a474-6d7fb6e1c12d,False,False,0,"{""json_parse"": 0.0}","{""error"": ""empty answer""}"
Gemini 3.1 Pro,gemini-3.1-pro-preview,gemini31pro,DBEVAL-V0-054,0.0,invalid_answer,0.0,error,5f3943aa-9a13-460c-8728-a73fdac8c0e4,False,False,0,"{""json_parse"": 0.0}","{""error"": ""empty answer""}"
Gemini 3.1 Pro,gemini-3.1-pro-preview,gemini31pro,DBEVAL-V0-055,0.0,invalid_answer,0.0,error,baead157-2f6d-4550-a394-9b6843380a9e,False,False,0,"{""json_parse"": 0.0}","{""error"": ""empty answer""}"
Gemini 3.1 Pro,gemini-3.1-pro-preview,gemini31pro,DBEVAL-V0-056,0.0,invalid_answer,0.0,error,851217b7-87a6-4a82-9c49-6aa5377821f7,False,False,0,"{""json_parse"": 0.0}","{""error"": ""empty answer""}"
Gemini 3.1 Pro,gemini-3.1-pro-preview,gemini31pro,DBEVAL-V0-057,0.0,invalid_answer,0.0,error,27ac83f9-496c-4653-a844-c33641b30387,False,False,0,"{""json_parse"": 0.0}","{""error"": ""empty answer""}"
Gemini 3.1 Pro,gemini-3.1-pro-preview,gemini31pro,DBEVAL-V0-058,0.0,invalid_answer,0.0,error,a932d108-b4f0-4bbb-8d93-ed32a20a4755,False,False,0,"{""json_parse"": 0.0}","{""error"": ""empty answer""}"
Gemini 3.1 Pro,gemini-3.1-pro-preview,gemini31pro,DBEVAL-V0-059,0.0,invalid_answer,0.0,error,1cea90dc-0b47-44bb-af7b-468aa5515ba3,False,False,0,"{""json_parse"": 0.0}","{""error"": ""empty answer""}"
Gemini 3.1 Pro,gemini-3.1-pro-preview,gemini31pro,DBEVAL-V0-060,0.0,invalid_answer,0.0,error,620efcba-e239-459f-9a7a-a6523505e535,False,False,0,"{""json_parse"": 0.0}","{""error"": ""empty answer""}"
GPT-5.5,gpt-5.5,gpt55,DBEVAL-V0-041,0.08141993957703927,scored,0.08141993957703927,completed,b0c09491-047d-4225-9e4d-9c6b7016bd1a,True,True,27213,"{""backbone_atom_completeness"": 1.0, ""ca_lddt"": 0.08141993957703927, ""coordinate_coverage"": 1.0, ""lddt_distance_cutoff_angstrom"": 15.0, ""lddt_evaluated_contacts"": 1655, ""lddt_missing_contacts"": 0, ""lddt_reference_contacts"": 1655, ""structure_validity"": 1.0}","{""backbone_completeness"": 1.0, ""lddt_thresholds_angstrom"": [0.5, 1.0, 2.0, 4.0], ""n_pred"": 85, ""n_true"": 85, ""overlap"": 85, ""structure_format"": ""pdb"", ""validity"": 1.0}"
GPT-5.5,gpt-5.5,gpt55,DBEVAL-V0-042,0.01770293609671848,scored,0.01770293609671848,completed,349af0a0-4996-4773-8052-e8c0d0dce5eb,True,False,18064,"{""backbone_atom_completeness"": 0.5, ""ca_lddt"": 0.01770293609671848, ""coordinate_coverage"": 1.0, ""lddt_distance_cutoff_angstrom"": 15.0, ""lddt_evaluated_contacts"": 1158, ""lddt_missing_contacts"": 0, ""lddt_reference_contacts"": 1158, ""structure_validity"": 1.0}","{""backbone_completeness"": 0.5, ""lddt_thresholds_angstrom"": [0.5, 1.0, 2.0, 4.0], ""n_pred"": 83, ""n_true"": 83, ""overlap"": 83, ""structure_format"": ""mmcif"", ""validity"": 1.0}"
GPT-5.5,gpt-5.5,gpt55,DBEVAL-V0-043,0.01875,scored,0.01875,completed,52e06b9b-d662-4308-9766-31304a5fd422,True,False,18531,"{""backbone_atom_completeness"": 0.3333333333333333, ""ca_lddt"": 0.01875, ""coordinate_coverage"": 1.0, ""lddt_distance_cutoff_angstrom"": 15.0, ""lddt_evaluated_contacts"": 1080, ""lddt_missing_contacts"": 0, ""lddt_reference_contacts"": 1080, ""structure_validity"": 1.0}","{""backbone_completeness"": 0.3333333333333333, ""lddt_thresholds_angstrom"": [0.5, 1.0, 2.0, 4.0], ""n_pred"": 82, ""n_true"": 82, ""overlap"": 82, ""structure_format"": ""mmcif"", ""validity"": 1.0}"
GPT-5.5,gpt-5.5,gpt55,DBEVAL-V0-044,0.13823857302118173,scored,0.13823857302118173,completed,9821aee9-10a7-4ead-8d8d-436cf4a3c6a5,True,True,25643,"{""backbone_atom_completeness"": 1.0, ""ca_lddt"": 0.13823857302118173, ""coordinate_coverage"": 1.0, ""lddt_distance_cutoff_angstrom"": 15.0, ""lddt_evaluated_contacts"": 897, ""lddt_missing_contacts"": 0, ""lddt_reference_contacts"": 897, ""structure_validity"": 1.0}","{""backbone_completeness"": 1.0, ""lddt_thresholds_angstrom"": [0.5, 1.0, 2.0, 4.0], ""n_pred"": 80, ""n_true"": 80, ""overlap"": 80, ""structure_format"": ""pdb"", ""validity"": 1.0}"
GPT-5.5,gpt-5.5,gpt55,DBEVAL-V0-045,0.10633484162895927,scored,0.10633484162895927,completed,7af94eb5-8ff9-4c2b-b604-43b83ed02fc6,True,False,24667,"{""backbone_atom_completeness"": 1.0, ""ca_lddt"": 0.10633484162895927, ""coordinate_coverage"": 1.0, ""lddt_distance_cutoff_angstrom"": 15.0, ""lddt_evaluated_contacts"": 1547, ""lddt_missing_contacts"": 0, ""lddt_reference_contacts"": 1547, ""structure_validity"": 1.0}","{""backbone_completeness"": 1.0, ""lddt_thresholds_angstrom"": [0.5, 1.0, 2.0, 4.0], ""n_pred"": 84, ""n_true"": 84, ""overlap"": 84, ""structure_format"": ""mmcif"", ""validity"": 1.0}"
GPT-5.5,gpt-5.5,gpt55,DBEVAL-V0-046,0.09650894402769764,scored,0.09650894402769764,completed,d0b799e7-e778-4cb6-85ca-eeb4503d5e40,True,True,29163,"{""backbone_atom_completeness"": 1.0, ""ca_lddt"": 0.09650894402769764, ""coordinate_coverage"": 1.0, ""lddt_distance_cutoff_angstrom"": 15.0, ""lddt_evaluated_contacts"": 1733, ""lddt_missing_contacts"": 0, ""lddt_reference_contacts"": 1733, ""structure_validity"": 1.0}","{""backbone_completeness"": 1.0, ""lddt_thresholds_angstrom"": [0.5, 1.0, 2.0, 4.0], ""n_pred"": 91, ""n_true"": 91, ""overlap"": 91, ""structure_format"": ""pdb"", ""validity"": 1.0}"
GPT-5.5,gpt-5.5,gpt55,DBEVAL-V0-047,0.02245011086474501,scored,0.02245011086474501,completed,d555d263-b97d-46de-9f37-8c0ba9703997,True,False,16640,"{""backbone_atom_completeness"": 0.25, ""ca_lddt"": 0.02245011086474501, ""coordinate_coverage"": 1.0, ""lddt_distance_cutoff_angstrom"": 15.0, ""lddt_evaluated_contacts"": 902, ""lddt_missing_contacts"": 0, ""lddt_reference_contacts"": 902, ""structure_validity"": 1.0}","{""backbone_completeness"": 0.25, ""lddt_thresholds_angstrom"": [0.5, 1.0, 2.0, 4.0], ""n_pred"": 82, ""n_true"": 82, ""overlap"": 82, ""structure_format"": ""mmcif"", ""validity"": 1.0}"
GPT-5.5,gpt-5.5,gpt55,DBEVAL-V0-048,0.16818734793187348,scored,0.16818734793187348,completed,73d1aad3-1e2d-4c83-a3c8-2aad5cf1c767,True,False,25303,"{""backbone_atom_completeness"": 1.0, ""ca_lddt"": 0.16818734793187348, ""coordinate_coverage"": 1.0, ""lddt_distance_cutoff_angstrom"": 15.0, ""lddt_evaluated_contacts"": 822, ""lddt_missing_contacts"": 0, ""lddt_reference_contacts"": 822, ""structure_validity"": 1.0}","{""backbone_completeness"": 1.0, ""lddt_thresholds_angstrom"": [0.5, 1.0, 2.0, 4.0], ""n_pred"": 85, ""n_true"": 85, ""overlap"": 85, ""structure_format"": ""mmcif"", ""validity"": 1.0}"
GPT-5.5,gpt-5.5,gpt55,DBEVAL-V0-049,0.08245341614906833,scored,0.08245341614906833,completed,e4cd245a-bf86-44cd-a4bd-50841dd2630a,True,True,25963,"{""backbone_atom_completeness"": 1.0, ""ca_lddt"": 0.08245341614906833, ""coordinate_coverage"": 1.0, ""lddt_distance_cutoff_angstrom"": 15.0, ""lddt_evaluated_contacts"": 1610, ""lddt_missing_contacts"": 0, ""lddt_reference_contacts"": 1610, ""structure_validity"": 1.0}","{""backbone_completeness"": 1.0, ""lddt_thresholds_angstrom"": [0.5, 1.0, 2.0, 4.0], ""n_pred"": 81, ""n_true"": 81, ""overlap"": 81, ""structure_format"": ""pdb"", ""validity"": 1.0}"
GPT-5.5,gpt-5.5,gpt55,DBEVAL-V0-050,0.149734395750332,scored,0.149734395750332,completed,0a5695a5-8d00-49fb-98f0-f00819f4da4b,True,True,26281,"{""backbone_atom_completeness"": 1.0, ""ca_lddt"": 0.149734395750332, ""coordinate_coverage"": 1.0, ""lddt_distance_cutoff_angstrom"": 15.0, ""lddt_evaluated_contacts"": 753, ""lddt_missing_contacts"": 0, ""lddt_reference_contacts"": 753, ""structure_validity"": 1.0}","{""backbone_completeness"": 1.0, ""lddt_thresholds_angstrom"": [0.5, 1.0, 2.0, 4.0], ""n_pred"": 82, ""n_true"": 82, ""overlap"": 82, ""structure_format"": ""pdb"", ""validity"": 1.0}"
GPT-5.5,gpt-5.5,gpt55,DBEVAL-V0-051,0.13211845102505695,scored,0.13211845102505695,completed,e2328b46-4d2c-4456-990a-fea8b0d0fedf,True,True,25643,"{""backbone_atom_completeness"": 1.0, ""ca_lddt"": 0.13211845102505695, ""coordinate_coverage"": 1.0, ""lddt_distance_cutoff_angstrom"": 15.0, ""lddt_evaluated_contacts"": 878, ""lddt_missing_contacts"": 0, ""lddt_reference_contacts"": 878, ""structure_validity"": 1.0}","{""backbone_completeness"": 1.0, ""lddt_thresholds_angstrom"": [0.5, 1.0, 2.0, 4.0], ""n_pred"": 80, ""n_true"": 80, ""overlap"": 80, ""structure_format"": ""pdb"", ""validity"": 1.0}"
GPT-5.5,gpt-5.5,gpt55,DBEVAL-V0-052,0.0,invalid_answer,0.0,completed,43a3e62b-5a71-4e59-887f-dd858e541afc,True,False,11342,{},"{""reason"": ""mmcif does not contain parseable CA coordinates""}"
GPT-5.5,gpt-5.5,gpt55,DBEVAL-V0-053,0.12513199577613515,scored,0.12513199577613515,completed,6dec309c-326c-4248-a628-bcb29ec6ee3f,True,True,25963,"{""backbone_atom_completeness"": 1.0, ""ca_lddt"": 0.12513199577613515, ""coordinate_coverage"": 1.0, ""lddt_distance_cutoff_angstrom"": 15.0, ""lddt_evaluated_contacts"": 947, ""lddt_missing_contacts"": 0, ""lddt_reference_contacts"": 947, ""structure_validity"": 1.0}","{""backbone_completeness"": 1.0, ""lddt_thresholds_angstrom"": [0.5, 1.0, 2.0, 4.0], ""n_pred"": 81, ""n_true"": 81, ""overlap"": 81, ""structure_format"": ""pdb"", ""validity"": 1.0}"
GPT-5.5,gpt-5.5,gpt55,DBEVAL-V0-054,0.0,invalid_answer,0.0,completed,7ce94323-4e5f-435f-95f2-5e62e3af4423,True,False,23918,"{""backbone_atom_completeness"": 1.0, ""coordinate_coverage"": 0.012048192771084338, ""structure_validity"": 1.0}","{""backbone_completeness"": 1.0, ""n_pred"": 1, ""n_true"": 83, ""overlap"": 1, ""reason"": ""submitted structure has fewer than two residues overlapping the reference"", ""structure_format"": ""mmcif"", ""validity"": 1.0}"
GPT-5.5,gpt-5.5,gpt55,DBEVAL-V0-055,0.0,invalid_answer,0.0,completed,3d16ba88-9b74-4bd6-925d-0b9e6f4d7af9,True,False,12065,{},"{""reason"": ""mmcif does not contain parseable CA coordinates""}"
GPT-5.5,gpt-5.5,gpt55,DBEVAL-V0-056,0.14855072463768115,scored,0.14855072463768115,completed,ec443c7c-0af2-4ed3-941f-ab264f5ea485,True,True,26281,"{""backbone_atom_completeness"": 1.0, ""ca_lddt"": 0.14855072463768115, ""coordinate_coverage"": 1.0, ""lddt_distance_cutoff_angstrom"": 15.0, ""lddt_evaluated_contacts"": 690, ""lddt_missing_contacts"": 0, ""lddt_reference_contacts"": 690, ""structure_validity"": 1.0}","{""backbone_completeness"": 1.0, ""lddt_thresholds_angstrom"": [0.5, 1.0, 2.0, 4.0], ""n_pred"": 82, ""n_true"": 82, ""overlap"": 82, ""structure_format"": ""pdb"", ""validity"": 1.0}"
GPT-5.5,gpt-5.5,gpt55,DBEVAL-V0-057,0.10681470137825422,scored,0.10681470137825422,completed,b77a17d9-2972-41aa-9ce7-003a1efe77e9,True,False,25028,"{""backbone_atom_completeness"": 1.0, ""ca_lddt"": 0.10681470137825422, ""coordinate_coverage"": 1.0, ""lddt_distance_cutoff_angstrom"": 15.0, ""lddt_evaluated_contacts"": 1306, ""lddt_missing_contacts"": 0, ""lddt_reference_contacts"": 1306, ""structure_validity"": 1.0}","{""backbone_completeness"": 1.0, ""lddt_thresholds_angstrom"": [0.5, 1.0, 2.0, 4.0], ""n_pred"": 82, ""n_true"": 82, ""overlap"": 82, ""structure_format"": ""mmcif"", ""validity"": 1.0}"
GPT-5.5,gpt-5.5,gpt55,DBEVAL-V0-058,0.1696035242290749,scored,0.1696035242290749,completed,bd738d63-64e4-40d5-9c5f-84195c66f25c,True,True,25613,"{""backbone_atom_completeness"": 1.0, ""ca_lddt"": 0.1696035242290749, ""coordinate_coverage"": 1.0, ""lddt_distance_cutoff_angstrom"": 15.0, ""lddt_evaluated_contacts"": 681, ""lddt_missing_contacts"": 0, ""lddt_reference_contacts"": 681, ""structure_validity"": 1.0}","{""backbone_completeness"": 1.0, ""lddt_thresholds_angstrom"": [0.5, 1.0, 2.0, 4.0], ""n_pred"": 80, ""n_true"": 80, ""overlap"": 80, ""structure_format"": ""pdb"", ""validity"": 1.0}"
GPT-5.5,gpt-5.5,gpt55,DBEVAL-V0-059,0.0,invalid_answer,0.0,completed,c5dcdd93-92c6-4924-9190-22420bda65d7,True,False,10132,{},"{""reason"": ""mmcif does not contain parseable CA coordinates""}"
GPT-5.5,gpt-5.5,gpt55,DBEVAL-V0-060,0.11395434462444771,scored,0.11395434462444771,completed,b920edf1-52ec-47ad-b412-1bfcb08e48b9,True,True,25613,"{""backbone_atom_completeness"": 1.0, ""ca_lddt"": 0.11395434462444771, ""coordinate_coverage"": 1.0, ""lddt_distance_cutoff_angstrom"": 15.0, ""lddt_evaluated_contacts"": 1358, ""lddt_missing_contacts"": 0, ""lddt_reference_contacts"": 1358, ""structure_validity"": 1.0}","{""backbone_completeness"": 1.0, ""lddt_thresholds_angstrom"": [0.5, 1.0, 2.0, 4.0], ""n_pred"": 80, ""n_true"": 80, ""overlap"": 80, ""structure_format"": ""pdb"", ""validity"": 1.0}"
GPT-5.4,gpt-5.4,gpt54,DBEVAL-V0-041,0.21691842900302113,scored,0.21691842900302113,completed,3dbc3dd9-0c01-4746-843f-0f7afab6517c,True,True,51458,"{""backbone_atom_completeness"": 1.0, ""ca_lddt"": 0.21691842900302113, ""coordinate_coverage"": 1.0, ""lddt_distance_cutoff_angstrom"": 15.0, ""lddt_evaluated_contacts"": 1655, ""lddt_missing_contacts"": 0, ""lddt_reference_contacts"": 1655, ""structure_validity"": 1.0}","{""backbone_completeness"": 1.0, ""lddt_thresholds_angstrom"": [0.5, 1.0, 2.0, 4.0], ""n_pred"": 85, ""n_true"": 85, ""overlap"": 85, ""structure_format"": ""pdb"", ""validity"": 1.0}"
GPT-5.4,gpt-5.4,gpt54,DBEVAL-V0-042,0.20056131260794474,scored,0.20056131260794474,completed,ab4f9497-fd03-4154-8f76-cf1c58bdeef8,True,True,50978,"{""backbone_atom_completeness"": 1.0, ""ca_lddt"": 0.20056131260794474, ""coordinate_coverage"": 1.0, ""lddt_distance_cutoff_angstrom"": 15.0, ""lddt_evaluated_contacts"": 1158, ""lddt_missing_contacts"": 0, ""lddt_reference_contacts"": 1158, ""structure_validity"": 1.0}","{""backbone_completeness"": 1.0, ""lddt_thresholds_angstrom"": [0.5, 1.0, 2.0, 4.0], ""n_pred"": 83, ""n_true"": 83, ""overlap"": 83, ""structure_format"": ""pdb"", ""validity"": 1.0}"
GPT-5.4,gpt-5.4,gpt54,DBEVAL-V0-043,0.21689814814814815,scored,0.21689814814814815,completed,74bffbc3-89ee-4f0a-b47f-0147f5c906bc,True,True,53613,"{""backbone_atom_completeness"": 1.0, ""ca_lddt"": 0.21689814814814815, ""coordinate_coverage"": 1.0, ""lddt_distance_cutoff_angstrom"": 15.0, ""lddt_evaluated_contacts"": 1080, ""lddt_missing_contacts"": 0, ""lddt_reference_contacts"": 1080, ""structure_validity"": 1.0}","{""backbone_completeness"": 1.0, ""lddt_thresholds_angstrom"": [0.5, 1.0, 2.0, 4.0], ""n_pred"": 82, ""n_true"": 82, ""overlap"": 82, ""structure_format"": ""pdb"", ""validity"": 1.0}"
GPT-5.4,gpt-5.4,gpt54,DBEVAL-V0-044,0.23773690078037904,scored,0.23773690078037904,completed,40783246-7a30-45ba-ae70-6bd5d589c24c,True,True,52818,"{""backbone_atom_completeness"": 1.0, ""ca_lddt"": 0.23773690078037904, ""coordinate_coverage"": 1.0, ""lddt_distance_cutoff_angstrom"": 15.0, ""lddt_evaluated_contacts"": 897, ""lddt_missing_contacts"": 0, ""lddt_reference_contacts"": 897, ""structure_validity"": 1.0}","{""backbone_completeness"": 1.0, ""lddt_thresholds_angstrom"": [0.5, 1.0, 2.0, 4.0], ""n_pred"": 80, ""n_true"": 80, ""overlap"": 80, ""structure_format"": ""pdb"", ""validity"": 1.0}"
GPT-5.4,gpt-5.4,gpt54,DBEVAL-V0-045,0.3301551389786684,scored,0.3301551389786684,completed,0a98b84e-0bad-45b8-a44d-77b61566f99d,True,True,53373,"{""backbone_atom_completeness"": 1.0, ""ca_lddt"": 0.3301551389786684, ""coordinate_coverage"": 1.0, ""lddt_distance_cutoff_angstrom"": 15.0, ""lddt_evaluated_contacts"": 1547, ""lddt_missing_contacts"": 0, ""lddt_reference_contacts"": 1547, ""structure_validity"": 1.0}","{""backbone_completeness"": 1.0, ""lddt_thresholds_angstrom"": [0.5, 1.0, 2.0, 4.0], ""n_pred"": 84, ""n_true"": 84, ""overlap"": 84, ""structure_format"": ""pdb"", ""validity"": 1.0}"
GPT-5.4,gpt-5.4,gpt54,DBEVAL-V0-046,0.11151182919792267,scored,0.11151182919792267,completed,ecc99499-70b0-443a-9a45-4988f47eee7b,True,True,52978,"{""backbone_atom_completeness"": 1.0, ""ca_lddt"": 0.11151182919792267, ""coordinate_coverage"": 1.0, ""lddt_distance_cutoff_angstrom"": 15.0, ""lddt_evaluated_contacts"": 1733, ""lddt_missing_contacts"": 0, ""lddt_reference_contacts"": 1733, ""structure_validity"": 1.0}","{""backbone_completeness"": 1.0, ""lddt_thresholds_angstrom"": [0.5, 1.0, 2.0, 4.0], ""n_pred"": 91, ""n_true"": 91, ""overlap"": 91, ""structure_format"": ""pdb"", ""validity"": 1.0}"
GPT-5.4,gpt-5.4,gpt54,DBEVAL-V0-047,0.5013858093126385,scored,0.5013858093126385,completed,059462bb-f445-4f54-97bf-d4c82a5b4892,True,True,51938,"{""backbone_atom_completeness"": 1.0, ""ca_lddt"": 0.5013858093126385, ""coordinate_coverage"": 1.0, ""lddt_distance_cutoff_angstrom"": 15.0, ""lddt_evaluated_contacts"": 902, ""lddt_missing_contacts"": 0, ""lddt_reference_contacts"": 902, ""structure_validity"": 1.0}","{""backbone_completeness"": 1.0, ""lddt_thresholds_angstrom"": [0.5, 1.0, 2.0, 4.0], ""n_pred"": 82, ""n_true"": 82, ""overlap"": 82, ""structure_format"": ""pdb"", ""validity"": 1.0}"
GPT-5.4,gpt-5.4,gpt54,DBEVAL-V0-048,0.5477493917274939,scored,0.5477493917274939,completed,5edbae0d-fc2d-4dad-af91-5e5c39a13338,True,True,50098,"{""backbone_atom_completeness"": 1.0, ""ca_lddt"": 0.5477493917274939, ""coordinate_coverage"": 1.0, ""lddt_distance_cutoff_angstrom"": 15.0, ""lddt_evaluated_contacts"": 822, ""lddt_missing_contacts"": 0, ""lddt_reference_contacts"": 822, ""structure_validity"": 1.0}","{""backbone_completeness"": 1.0, ""lddt_thresholds_angstrom"": [0.5, 1.0, 2.0, 4.0], ""n_pred"": 85, ""n_true"": 85, ""overlap"": 85, ""structure_format"": ""pdb"", ""validity"": 1.0}"
GPT-5.4,gpt-5.4,gpt54,DBEVAL-V0-049,0.12158385093167702,scored,0.12158385093167702,completed,175825cd-47f2-407c-9830-cd80b8fb6ff9,True,True,51858,"{""backbone_atom_completeness"": 1.0, ""ca_lddt"": 0.12158385093167702, ""coordinate_coverage"": 1.0, ""lddt_distance_cutoff_angstrom"": 15.0, ""lddt_evaluated_contacts"": 1610, ""lddt_missing_contacts"": 0, ""lddt_reference_contacts"": 1610, ""structure_validity"": 1.0}","{""backbone_completeness"": 1.0, ""lddt_thresholds_angstrom"": [0.5, 1.0, 2.0, 4.0], ""n_pred"": 83, ""n_true"": 81, ""overlap"": 81, ""structure_format"": ""pdb"", ""validity"": 1.0}"
GPT-5.4,gpt-5.4,gpt54,DBEVAL-V0-050,0.7207835325365206,scored,0.7207835325365206,completed,1a4e2022-ed2b-408b-bdba-128a69cf14f6,True,True,50418,"{""backbone_atom_completeness"": 1.0, ""ca_lddt"": 0.7207835325365206, ""coordinate_coverage"": 1.0, ""lddt_distance_cutoff_angstrom"": 15.0, ""lddt_evaluated_contacts"": 753, ""lddt_missing_contacts"": 0, ""lddt_reference_contacts"": 753, ""structure_validity"": 1.0}","{""backbone_completeness"": 1.0, ""lddt_thresholds_angstrom"": [0.5, 1.0, 2.0, 4.0], ""n_pred"": 82, ""n_true"": 82, ""overlap"": 82, ""structure_format"": ""pdb"", ""validity"": 1.0}"
GPT-5.4,gpt-5.4,gpt54,DBEVAL-V0-051,0.21611617312072892,scored,0.21611617312072892,completed,c19358a9-7bde-4d91-b04a-a02bd9b0c89d,True,True,52898,"{""backbone_atom_completeness"": 1.0, ""ca_lddt"": 0.21611617312072892, ""coordinate_coverage"": 1.0, ""lddt_distance_cutoff_angstrom"": 15.0, ""lddt_evaluated_contacts"": 878, ""lddt_missing_contacts"": 0, ""lddt_reference_contacts"": 878, ""structure_validity"": 1.0}","{""backbone_completeness"": 1.0, ""lddt_thresholds_angstrom"": [0.5, 1.0, 2.0, 4.0], ""n_pred"": 80, ""n_true"": 80, ""overlap"": 80, ""structure_format"": ""pdb"", ""validity"": 1.0}"
GPT-5.4,gpt-5.4,gpt54,DBEVAL-V0-052,0.2880700325732899,scored,0.2880700325732899,completed,bcfc4e3f-03b4-4aa2-b959-9f5c27d302d5,True,True,52738,"{""backbone_atom_completeness"": 1.0, ""ca_lddt"": 0.2880700325732899, ""coordinate_coverage"": 1.0, ""lddt_distance_cutoff_angstrom"": 15.0, ""lddt_evaluated_contacts"": 1228, ""lddt_missing_contacts"": 0, ""lddt_reference_contacts"": 1228, ""structure_validity"": 1.0}","{""backbone_completeness"": 1.0, ""lddt_thresholds_angstrom"": [0.5, 1.0, 2.0, 4.0], ""n_pred"": 84, ""n_true"": 84, ""overlap"": 84, ""structure_format"": ""pdb"", ""validity"": 1.0}"
GPT-5.4,gpt-5.4,gpt54,DBEVAL-V0-053,0.13384371700105596,scored,0.13384371700105596,completed,5d741954-35e6-4e06-86ad-2239194a0a0c,True,True,40498,"{""backbone_atom_completeness"": 1.0, ""ca_lddt"": 0.13384371700105596, ""coordinate_coverage"": 0.7901234567901234, ""lddt_distance_cutoff_angstrom"": 15.0, ""lddt_evaluated_contacts"": 818, ""lddt_missing_contacts"": 129, ""lddt_reference_contacts"": 947, ""structure_validity"": 1.0}","{""backbone_completeness"": 1.0, ""lddt_thresholds_angstrom"": [0.5, 1.0, 2.0, 4.0], ""n_pred"": 64, ""n_true"": 81, ""overlap"": 64, ""structure_format"": ""pdb"", ""validity"": 1.0}"
GPT-5.4,gpt-5.4,gpt54,DBEVAL-V0-054,0.2032828282828283,scored,0.2032828282828283,completed,4ca01b11-00db-49f9-81e3-d10683291ff2,True,True,52498,"{""backbone_atom_completeness"": 1.0, ""ca_lddt"": 0.2032828282828283, ""coordinate_coverage"": 1.0, ""lddt_distance_cutoff_angstrom"": 15.0, ""lddt_evaluated_contacts"": 1188, ""lddt_missing_contacts"": 0, ""lddt_reference_contacts"": 1188, ""structure_validity"": 1.0}","{""backbone_completeness"": 1.0, ""lddt_thresholds_angstrom"": [0.5, 1.0, 2.0, 4.0], ""n_pred"": 83, ""n_true"": 83, ""overlap"": 83, ""structure_format"": ""pdb"", ""validity"": 1.0}"
GPT-5.4,gpt-5.4,gpt54,DBEVAL-V0-055,0.25169172932330824,scored,0.25169172932330824,completed,08e8c922-f294-4458-9d7f-be294a9cd908,True,True,48179,"{""backbone_atom_completeness"": 0.9878048780487805, ""ca_lddt"": 0.25169172932330824, ""coordinate_coverage"": 0.9876543209876543, ""lddt_distance_cutoff_angstrom"": 15.0, ""lddt_evaluated_contacts"": 1291, ""lddt_missing_contacts"": 39, ""lddt_reference_contacts"": 1330, ""structure_validity"": 1.0}","{""backbone_completeness"": 0.9878048780487805, ""lddt_thresholds_angstrom"": [0.5, 1.0, 2.0, 4.0], ""n_pred"": 80, ""n_true"": 81, ""overlap"": 80, ""structure_format"": ""pdb"", ""validity"": 1.0}"
GPT-5.4,gpt-5.4,gpt54,DBEVAL-V0-056,0.17753623188405798,scored,0.17753623188405798,completed,4b873c6b-f6d2-4c62-8430-60f92213aaeb,True,True,52898,"{""backbone_atom_completeness"": 1.0, ""ca_lddt"": 0.17753623188405798, ""coordinate_coverage"": 1.0, ""lddt_distance_cutoff_angstrom"": 15.0, ""lddt_evaluated_contacts"": 690, ""lddt_missing_contacts"": 0, ""lddt_reference_contacts"": 690, ""structure_validity"": 1.0}","{""backbone_completeness"": 1.0, ""lddt_thresholds_angstrom"": [0.5, 1.0, 2.0, 4.0], ""n_pred"": 82, ""n_true"": 82, ""overlap"": 82, ""structure_format"": ""pdb"", ""validity"": 1.0}"
GPT-5.4,gpt-5.4,gpt54,DBEVAL-V0-057,0.18702143950995406,scored,0.18702143950995406,completed,70bddee9-f226-412d-b477-beb45a6262f2,True,True,52738,"{""backbone_atom_completeness"": 1.0, ""ca_lddt"": 0.18702143950995406, ""coordinate_coverage"": 1.0, ""lddt_distance_cutoff_angstrom"": 15.0, ""lddt_evaluated_contacts"": 1306, ""lddt_missing_contacts"": 0, ""lddt_reference_contacts"": 1306, ""structure_validity"": 1.0}","{""backbone_completeness"": 1.0, ""lddt_thresholds_angstrom"": [0.5, 1.0, 2.0, 4.0], ""n_pred"": 82, ""n_true"": 82, ""overlap"": 82, ""structure_format"": ""pdb"", ""validity"": 1.0}"
GPT-5.4,gpt-5.4,gpt54,DBEVAL-V0-058,0.24375917767988253,scored,0.24375917767988253,completed,6da43696-82d6-4429-99b4-2d5e8e11d2a3,True,True,52818,"{""backbone_atom_completeness"": 1.0, ""ca_lddt"": 0.24375917767988253, ""coordinate_coverage"": 1.0, ""lddt_distance_cutoff_angstrom"": 15.0, ""lddt_evaluated_contacts"": 681, ""lddt_missing_contacts"": 0, ""lddt_reference_contacts"": 681, ""structure_validity"": 1.0}","{""backbone_completeness"": 1.0, ""lddt_thresholds_angstrom"": [0.5, 1.0, 2.0, 4.0], ""n_pred"": 80, ""n_true"": 80, ""overlap"": 80, ""structure_format"": ""pdb"", ""validity"": 1.0}"
GPT-5.4,gpt-5.4,gpt54,DBEVAL-V0-059,0.1464248159831756,scored,0.1464248159831756,completed,a6c6810b-8749-4c52-aa07-a92b336959d1,True,True,52338,"{""backbone_atom_completeness"": 1.0, ""ca_lddt"": 0.1464248159831756, ""coordinate_coverage"": 1.0, ""lddt_distance_cutoff_angstrom"": 15.0, ""lddt_evaluated_contacts"": 951, ""lddt_missing_contacts"": 0, ""lddt_reference_contacts"": 951, ""structure_validity"": 1.0}","{""backbone_completeness"": 1.0, ""lddt_thresholds_angstrom"": [0.5, 1.0, 2.0, 4.0], ""n_pred"": 81, ""n_true"": 81, ""overlap"": 81, ""structure_format"": ""pdb"", ""validity"": 1.0}"
GPT-5.4,gpt-5.4,gpt54,DBEVAL-V0-060,0.1715758468335788,scored,0.1715758468335788,completed,d5a18f60-729a-49c6-a68e-fdb34cc648d8,True,True,49538,"{""backbone_atom_completeness"": 1.0, ""ca_lddt"": 0.1715758468335788, ""coordinate_coverage"": 1.0, ""lddt_distance_cutoff_angstrom"": 15.0, ""lddt_evaluated_contacts"": 1358, ""lddt_missing_contacts"": 0, ""lddt_reference_contacts"": 1358, ""structure_validity"": 1.0}","{""backbone_completeness"": 1.0, ""lddt_thresholds_angstrom"": [0.5, 1.0, 2.0, 4.0], ""n_pred"": 80, ""n_true"": 80, ""overlap"": 80, ""structure_format"": ""pdb"", ""validity"": 1.0}"
GPT-5.4 mini,gpt-5.4-mini,gpt54mini,DBEVAL-V0-041,0.2163141993957704,scored,0.2163141993957704,completed,10daf345-c35f-4061-94f1-d22367cc4a87,True,True,48333,"{""backbone_atom_completeness"": 1.0, ""ca_lddt"": 0.2163141993957704, ""coordinate_coverage"": 1.0, ""lddt_distance_cutoff_angstrom"": 15.0, ""lddt_evaluated_contacts"": 1655, ""lddt_missing_contacts"": 0, ""lddt_reference_contacts"": 1655, ""structure_validity"": 1.0}","{""backbone_completeness"": 1.0, ""lddt_thresholds_angstrom"": [0.5, 1.0, 2.0, 4.0], ""n_pred"": 85, ""n_true"": 85, ""overlap"": 85, ""structure_format"": ""pdb"", ""validity"": 1.0}"
GPT-5.4 mini,gpt-5.4-mini,gpt54mini,DBEVAL-V0-042,0.09801381692573402,scored,0.09801381692573402,completed,93359119-30ed-4cdd-a46e-839a79242b27,True,True,50139,"{""backbone_atom_completeness"": 1.0, ""ca_lddt"": 0.09801381692573402, ""coordinate_coverage"": 0.5783132530120482, ""lddt_distance_cutoff_angstrom"": 15.0, ""lddt_evaluated_contacts"": 384, ""lddt_missing_contacts"": 774, ""lddt_reference_contacts"": 1158, ""structure_validity"": 1.0}","{""backbone_completeness"": 1.0, ""lddt_thresholds_angstrom"": [0.5, 1.0, 2.0, 4.0], ""n_pred"": 48, ""n_true"": 83, ""overlap"": 48, ""structure_format"": ""pdb"", ""validity"": 1.0}"
GPT-5.4 mini,gpt-5.4-mini,gpt54mini,DBEVAL-V0-043,0.08287037037037037,scored,0.08287037037037037,completed,d4b1e0cd-b7c1-48b3-b1da-3d4b6c25a1be,True,True,52570,"{""backbone_atom_completeness"": 0.9878048780487805, ""ca_lddt"": 0.08287037037037037, ""coordinate_coverage"": 0.6097560975609756, ""lddt_distance_cutoff_angstrom"": 15.0, ""lddt_evaluated_contacts"": 573, ""lddt_missing_contacts"": 507, ""lddt_reference_contacts"": 1080, ""structure_validity"": 1.0}","{""backbone_completeness"": 0.9878048780487805, ""lddt_thresholds_angstrom"": [0.5, 1.0, 2.0, 4.0], ""n_pred"": 50, ""n_true"": 82, ""overlap"": 50, ""structure_format"": ""pdb"", ""validity"": 1.0}"
GPT-5.4 mini,gpt-5.4-mini,gpt54mini,DBEVAL-V0-044,0.11399108138238573,scored,0.11399108138238573,completed,262573e8-bc88-48b5-8eea-ac6a9e54a63f,True,True,30893,"{""backbone_atom_completeness"": 0.985, ""ca_lddt"": 0.11399108138238573, ""coordinate_coverage"": 0.6125, ""lddt_distance_cutoff_angstrom"": 15.0, ""lddt_evaluated_contacts"": 472, ""lddt_missing_contacts"": 425, ""lddt_reference_contacts"": 897, ""structure_validity"": 1.0}","{""backbone_completeness"": 0.985, ""lddt_thresholds_angstrom"": [0.5, 1.0, 2.0, 4.0], ""n_pred"": 49, ""n_true"": 80, ""overlap"": 49, ""structure_format"": ""pdb"", ""validity"": 1.0}"
GPT-5.4 mini,gpt-5.4-mini,gpt54mini,DBEVAL-V0-045,0.09130575307045895,scored,0.09130575307045895,completed,d240f291-11b2-43cb-91e7-3cc334514d48,True,True,52418,"{""backbone_atom_completeness"": 1.0, ""ca_lddt"": 0.09130575307045895, ""coordinate_coverage"": 1.0, ""lddt_distance_cutoff_angstrom"": 15.0, ""lddt_evaluated_contacts"": 1547, ""lddt_missing_contacts"": 0, ""lddt_reference_contacts"": 1547, ""structure_validity"": 1.0}","{""backbone_completeness"": 1.0, ""lddt_thresholds_angstrom"": [0.5, 1.0, 2.0, 4.0], ""n_pred"": 84, ""n_true"": 84, ""overlap"": 84, ""structure_format"": ""pdb"", ""validity"": 1.0}"
GPT-5.4 mini,gpt-5.4-mini,gpt54mini,DBEVAL-V0-046,0.11482977495672245,scored,0.11482977495672245,completed,5d8411e7-4874-4eef-89c8-d74b090e5a5f,True,True,53693,"{""backbone_atom_completeness"": 1.0, ""ca_lddt"": 0.11482977495672245, ""coordinate_coverage"": 1.0, ""lddt_distance_cutoff_angstrom"": 15.0, ""lddt_evaluated_contacts"": 1733, ""lddt_missing_contacts"": 0, ""lddt_reference_contacts"": 1733, ""structure_validity"": 1.0}","{""backbone_completeness"": 1.0, ""lddt_thresholds_angstrom"": [0.5, 1.0, 2.0, 4.0], ""n_pred"": 91, ""n_true"": 91, ""overlap"": 91, ""structure_format"": ""pdb"", ""validity"": 1.0}"
GPT-5.4 mini,gpt-5.4-mini,gpt54mini,DBEVAL-V0-047,0.17821507760532151,scored,0.17821507760532151,completed,2d4b66eb-642f-4c9c-8b33-e3844c3aa88b,True,True,52625,"{""backbone_atom_completeness"": 1.0, ""ca_lddt"": 0.17821507760532151, ""coordinate_coverage"": 1.0, ""lddt_distance_cutoff_angstrom"": 15.0, ""lddt_evaluated_contacts"": 902, ""lddt_missing_contacts"": 0, ""lddt_reference_contacts"": 902, ""structure_validity"": 1.0}","{""backbone_completeness"": 1.0, ""lddt_thresholds_angstrom"": [0.5, 1.0, 2.0, 4.0], ""n_pred"": 82, ""n_true"": 82, ""overlap"": 82, ""structure_format"": ""pdb"", ""validity"": 1.0}"
GPT-5.4 mini,gpt-5.4-mini,gpt54mini,DBEVAL-V0-048,0.12226277372262774,scored,0.12226277372262774,completed,f3def779-c6c6-4c42-af7e-4598d81138f8,True,True,33052,"{""backbone_atom_completeness"": 0.9872881355932204, ""ca_lddt"": 0.12226277372262774, ""coordinate_coverage"": 0.6823529411764706, ""lddt_distance_cutoff_angstrom"": 15.0, ""lddt_evaluated_contacts"": 421, ""lddt_missing_contacts"": 401, ""lddt_reference_contacts"": 822, ""structure_validity"": 1.0}","{""backbone_completeness"": 0.9872881355932204, ""lddt_thresholds_angstrom"": [0.5, 1.0, 2.0, 4.0], ""n_pred"": 58, ""n_true"": 85, ""overlap"": 58, ""structure_format"": ""pdb"", ""validity"": 1.0}"
GPT-5.4 mini,gpt-5.4-mini,gpt54mini,DBEVAL-V0-049,0.10046583850931677,scored,0.10046583850931677,completed,ef46cf04-0274-4985-bf1e-b3afd7559a87,True,True,49693,"{""backbone_atom_completeness"": 1.0, ""ca_lddt"": 0.10046583850931677, ""coordinate_coverage"": 1.0, ""lddt_distance_cutoff_angstrom"": 15.0, ""lddt_evaluated_contacts"": 1610, ""lddt_missing_contacts"": 0, ""lddt_reference_contacts"": 1610, ""structure_validity"": 1.0}","{""backbone_completeness"": 1.0, ""lddt_thresholds_angstrom"": [0.5, 1.0, 2.0, 4.0], ""n_pred"": 81, ""n_true"": 81, ""overlap"": 81, ""structure_format"": ""pdb"", ""validity"": 1.0}"
GPT-5.4 mini,gpt-5.4-mini,gpt54mini,DBEVAL-V0-050,0.1756308100929615,scored,0.1756308100929615,completed,8a0ad380-0092-4188-9e60-f4b293a7ec36,True,True,48653,"{""backbone_atom_completeness"": 1.0, ""ca_lddt"": 0.1756308100929615, ""coordinate_coverage"": 1.0, ""lddt_distance_cutoff_angstrom"": 15.0, ""lddt_evaluated_contacts"": 753, ""lddt_missing_contacts"": 0, ""lddt_reference_contacts"": 753, ""structure_validity"": 1.0}","{""backbone_completeness"": 1.0, ""lddt_thresholds_angstrom"": [0.5, 1.0, 2.0, 4.0], ""n_pred"": 82, ""n_true"": 82, ""overlap"": 82, ""structure_format"": ""pdb"", ""validity"": 1.0}"
GPT-5.4 mini,gpt-5.4-mini,gpt54mini,DBEVAL-V0-051,0.15432801822323464,scored,0.15432801822323464,completed,ddc5c8a2-3418-467b-a54f-499b92b6253e,True,True,52493,"{""backbone_atom_completeness"": 1.0, ""ca_lddt"": 0.15432801822323464, ""coordinate_coverage"": 1.0, ""lddt_distance_cutoff_angstrom"": 15.0, ""lddt_evaluated_contacts"": 878, ""lddt_missing_contacts"": 0, ""lddt_reference_contacts"": 878, ""structure_validity"": 1.0}","{""backbone_completeness"": 1.0, ""lddt_thresholds_angstrom"": [0.5, 1.0, 2.0, 4.0], ""n_pred"": 80, ""n_true"": 80, ""overlap"": 80, ""structure_format"": ""pdb"", ""validity"": 1.0}"
GPT-5.4 mini,gpt-5.4-mini,gpt54mini,DBEVAL-V0-052,0.14434039087947884,scored,0.14434039087947884,completed,977ff9bb-9802-40c0-a95d-9008a1a62d1c,True,True,42414,"{""backbone_atom_completeness"": 0.9892857142857143, ""ca_lddt"": 0.14434039087947884, ""coordinate_coverage"": 0.8214285714285714, ""lddt_distance_cutoff_angstrom"": 15.0, ""lddt_evaluated_contacts"": 808, ""lddt_missing_contacts"": 420, ""lddt_reference_contacts"": 1228, ""structure_validity"": 1.0}","{""backbone_completeness"": 0.9892857142857143, ""lddt_thresholds_angstrom"": [0.5, 1.0, 2.0, 4.0], ""n_pred"": 69, ""n_true"": 84, ""overlap"": 69, ""structure_format"": ""pdb"", ""validity"": 1.0}"
GPT-5.4 mini,gpt-5.4-mini,gpt54mini,DBEVAL-V0-053,0.031151003167898626,scored,0.031151003167898626,completed,5566cb91-c805-4c53-b362-e083e41546c8,True,True,34850,"{""backbone_atom_completeness"": 0.9818181818181818, ""ca_lddt"": 0.031151003167898626, ""coordinate_coverage"": 0.25925925925925924, ""lddt_distance_cutoff_angstrom"": 15.0, ""lddt_evaluated_contacts"": 139, ""lddt_missing_contacts"": 808, ""lddt_reference_contacts"": 947, ""structure_validity"": 1.0}","{""backbone_completeness"": 0.9818181818181818, ""lddt_thresholds_angstrom"": [0.5, 1.0, 2.0, 4.0], ""n_pred"": 21, ""n_true"": 81, ""overlap"": 21, ""structure_format"": ""pdb"", ""validity"": 1.0}"
GPT-5.4 mini,gpt-5.4-mini,gpt54mini,DBEVAL-V0-054,0.1900252525252525,scored,0.1900252525252525,completed,0530ba88-a37c-4b06-b318-7111a5cae1fe,True,True,52018,"{""backbone_atom_completeness"": 1.0, ""ca_lddt"": 0.1900252525252525, ""coordinate_coverage"": 1.0, ""lddt_distance_cutoff_angstrom"": 15.0, ""lddt_evaluated_contacts"": 1188, ""lddt_missing_contacts"": 0, ""lddt_reference_contacts"": 1188, ""structure_validity"": 1.0}","{""backbone_completeness"": 1.0, ""lddt_thresholds_angstrom"": [0.5, 1.0, 2.0, 4.0], ""n_pred"": 83, ""n_true"": 83, ""overlap"": 83, ""structure_format"": ""pdb"", ""validity"": 1.0}"
GPT-5.4 mini,gpt-5.4-mini,gpt54mini,DBEVAL-V0-055,0.11278195488721804,scored,0.11278195488721804,completed,af624218-56a8-4ff1-bcf7-a320a68e6a76,True,True,42572,"{""backbone_atom_completeness"": 0.9891304347826086, ""ca_lddt"": 0.11278195488721804, ""coordinate_coverage"": 0.8395061728395061, ""lddt_distance_cutoff_angstrom"": 15.0, ""lddt_evaluated_contacts"": 1050, ""lddt_missing_contacts"": 280, ""lddt_reference_contacts"": 1330, ""structure_validity"": 1.0}","{""backbone_completeness"": 0.9891304347826086, ""lddt_thresholds_angstrom"": [0.5, 1.0, 2.0, 4.0], ""n_pred"": 68, ""n_true"": 81, ""overlap"": 68, ""structure_format"": ""pdb"", ""validity"": 1.0}"
GPT-5.4 mini,gpt-5.4-mini,gpt54mini,DBEVAL-V0-056,0.2916666666666667,scored,0.2916666666666667,completed,03819ae4-8501-4456-9884-3334a90f262a,True,True,51773,"{""backbone_atom_completeness"": 1.0, ""ca_lddt"": 0.2916666666666667, ""coordinate_coverage"": 1.0, ""lddt_distance_cutoff_angstrom"": 15.0, ""lddt_evaluated_contacts"": 690, ""lddt_missing_contacts"": 0, ""lddt_reference_contacts"": 690, ""structure_validity"": 1.0}","{""backbone_completeness"": 1.0, ""lddt_thresholds_angstrom"": [0.5, 1.0, 2.0, 4.0], ""n_pred"": 82, ""n_true"": 82, ""overlap"": 82, ""structure_format"": ""pdb"", ""validity"": 1.0}"
GPT-5.4 mini,gpt-5.4-mini,gpt54mini,DBEVAL-V0-057,0.0,invalid_answer,0.0,error,feffd069-5575-471c-9348-b36c6283ef9c,False,False,0,"{""json_parse"": 0.0}","{""error"": ""empty answer""}"
GPT-5.4 mini,gpt-5.4-mini,gpt54mini,DBEVAL-V0-058,0.2132892804698972,scored,0.2132892804698972,completed,f3e9c141-26d1-429b-a548-36cad51a73e9,True,True,50829,"{""backbone_atom_completeness"": 1.0, ""ca_lddt"": 0.2132892804698972, ""coordinate_coverage"": 1.0, ""lddt_distance_cutoff_angstrom"": 15.0, ""lddt_evaluated_contacts"": 681, ""lddt_missing_contacts"": 0, ""lddt_reference_contacts"": 681, ""structure_validity"": 1.0}","{""backbone_completeness"": 1.0, ""lddt_thresholds_angstrom"": [0.5, 1.0, 2.0, 4.0], ""n_pred"": 80, ""n_true"": 80, ""overlap"": 80, ""structure_format"": ""pdb"", ""validity"": 1.0}"
GPT-5.4 mini,gpt-5.4-mini,gpt54mini,DBEVAL-V0-059,0.042849631966351207,scored,0.042849631966351207,completed,0c3ec5c2-720e-4680-8b04-73fb83b9c7ee,True,True,54787,"{""backbone_atom_completeness"": 0.9878048780487805, ""ca_lddt"": 0.042849631966351207, ""coordinate_coverage"": 0.20987654320987653, ""lddt_distance_cutoff_angstrom"": 15.0, ""lddt_evaluated_contacts"": 99, ""lddt_missing_contacts"": 852, ""lddt_reference_contacts"": 951, ""structure_validity"": 1.0}","{""backbone_completeness"": 0.9878048780487805, ""lddt_thresholds_angstrom"": [0.5, 1.0, 2.0, 4.0], ""n_pred"": 17, ""n_true"": 81, ""overlap"": 17, ""structure_format"": ""pdb"", ""validity"": 1.0}"
GPT-5.4 mini,gpt-5.4-mini,gpt54mini,DBEVAL-V0-060,0.1251840942562592,scored,0.1251840942562592,completed,25ec237f-73ba-445d-ae72-17febb3397a9,True,True,50983,"{""backbone_atom_completeness"": 1.0, ""ca_lddt"": 0.1251840942562592, ""coordinate_coverage"": 1.0, ""lddt_distance_cutoff_angstrom"": 15.0, ""lddt_evaluated_contacts"": 1358, ""lddt_missing_contacts"": 0, ""lddt_reference_contacts"": 1358, ""structure_validity"": 1.0}","{""backbone_completeness"": 1.0, ""lddt_thresholds_angstrom"": [0.5, 1.0, 2.0, 4.0], ""n_pred"": 80, ""n_true"": 80, ""overlap"": 80, ""structure_format"": ""pdb"", ""validity"": 1.0}"
GPT-5,gpt-5,gpt5,DBEVAL-V0-041,0.09138972809667674,scored,0.09138972809667674,completed,a30faed8-83c8-459c-a6bc-f7a975c9e5f0,True,True,27215,"{""backbone_atom_completeness"": 1.0, ""ca_lddt"": 0.09138972809667674, ""coordinate_coverage"": 1.0, ""lddt_distance_cutoff_angstrom"": 15.0, ""lddt_evaluated_contacts"": 1655, ""lddt_missing_contacts"": 0, ""lddt_reference_contacts"": 1655, ""structure_validity"": 1.0}","{""backbone_completeness"": 1.0, ""lddt_thresholds_angstrom"": [0.5, 1.0, 2.0, 4.0], ""n_pred"": 85, ""n_true"": 85, ""overlap"": 85, ""structure_format"": ""pdb"", ""validity"": 1.0}"
GPT-5,gpt-5,gpt5,DBEVAL-V0-042,0.12780656303972365,scored,0.12780656303972365,completed,ac101235-8203-487b-98f5-e2dc5db358b8,True,True,26601,"{""backbone_atom_completeness"": 1.0, ""ca_lddt"": 0.12780656303972365, ""coordinate_coverage"": 1.0, ""lddt_distance_cutoff_angstrom"": 15.0, ""lddt_evaluated_contacts"": 1158, ""lddt_missing_contacts"": 0, ""lddt_reference_contacts"": 1158, ""structure_validity"": 1.0}","{""backbone_completeness"": 1.0, ""lddt_thresholds_angstrom"": [0.5, 1.0, 2.0, 4.0], ""n_pred"": 83, ""n_true"": 83, ""overlap"": 83, ""structure_format"": ""pdb"", ""validity"": 1.0}"
GPT-5,gpt-5,gpt5,DBEVAL-V0-043,0.11180555555555556,scored,0.11180555555555556,completed,6475d7bb-2f33-41c9-be02-f8813e183e49,True,True,26255,"{""backbone_atom_completeness"": 1.0, ""ca_lddt"": 0.11180555555555556, ""coordinate_coverage"": 1.0, ""lddt_distance_cutoff_angstrom"": 15.0, ""lddt_evaluated_contacts"": 1080, ""lddt_missing_contacts"": 0, ""lddt_reference_contacts"": 1080, ""structure_validity"": 1.0}","{""backbone_completeness"": 1.0, ""lddt_thresholds_angstrom"": [0.5, 1.0, 2.0, 4.0], ""n_pred"": 82, ""n_true"": 82, ""overlap"": 82, ""structure_format"": ""pdb"", ""validity"": 1.0}"
GPT-5,gpt-5,gpt5,DBEVAL-V0-044,0.1544035674470457,scored,0.1544035674470457,completed,fd9d9723-6dc7-45e8-807d-b618c0b58b55,True,True,25615,"{""backbone_atom_completeness"": 1.0, ""ca_lddt"": 0.1544035674470457, ""coordinate_coverage"": 1.0, ""lddt_distance_cutoff_angstrom"": 15.0, ""lddt_evaluated_contacts"": 897, ""lddt_missing_contacts"": 0, ""lddt_reference_contacts"": 897, ""structure_validity"": 1.0}","{""backbone_completeness"": 1.0, ""lddt_thresholds_angstrom"": [0.5, 1.0, 2.0, 4.0], ""n_pred"": 80, ""n_true"": 80, ""overlap"": 80, ""structure_format"": ""pdb"", ""validity"": 1.0}"
GPT-5,gpt-5,gpt5,DBEVAL-V0-045,0.07902391725921137,scored,0.07902391725921137,completed,07532467-74c5-452f-8c91-b9e084b6c2be,True,True,26900,"{""backbone_atom_completeness"": 1.0, ""ca_lddt"": 0.07902391725921137, ""coordinate_coverage"": 1.0, ""lddt_distance_cutoff_angstrom"": 15.0, ""lddt_evaluated_contacts"": 1547, ""lddt_missing_contacts"": 0, ""lddt_reference_contacts"": 1547, ""structure_validity"": 1.0}","{""backbone_completeness"": 1.0, ""lddt_thresholds_angstrom"": [0.5, 1.0, 2.0, 4.0], ""n_pred"": 84, ""n_true"": 84, ""overlap"": 84, ""structure_format"": ""pdb"", ""validity"": 1.0}"
GPT-5,gpt-5,gpt5,DBEVAL-V0-046,0.0851125216387767,scored,0.0851125216387767,completed,0a4b58c1-0967-4b61-a7c7-c0133116c7b3,True,True,29163,"{""backbone_atom_completeness"": 1.0, ""ca_lddt"": 0.0851125216387767, ""coordinate_coverage"": 1.0, ""lddt_distance_cutoff_angstrom"": 15.0, ""lddt_evaluated_contacts"": 1733, ""lddt_missing_contacts"": 0, ""lddt_reference_contacts"": 1733, ""structure_validity"": 1.0}","{""backbone_completeness"": 1.0, ""lddt_thresholds_angstrom"": [0.5, 1.0, 2.0, 4.0], ""n_pred"": 91, ""n_true"": 91, ""overlap"": 91, ""structure_format"": ""pdb"", ""validity"": 1.0}"
GPT-5,gpt-5,gpt5,DBEVAL-V0-047,0.13830376940133038,scored,0.13830376940133038,completed,92f075d0-3da5-4963-a59b-439536ac0dc5,True,True,26283,"{""backbone_atom_completeness"": 1.0, ""ca_lddt"": 0.13830376940133038, ""coordinate_coverage"": 1.0, ""lddt_distance_cutoff_angstrom"": 15.0, ""lddt_evaluated_contacts"": 902, ""lddt_missing_contacts"": 0, ""lddt_reference_contacts"": 902, ""structure_validity"": 1.0}","{""backbone_completeness"": 1.0, ""lddt_thresholds_angstrom"": [0.5, 1.0, 2.0, 4.0], ""n_pred"": 82, ""n_true"": 82, ""overlap"": 82, ""structure_format"": ""pdb"", ""validity"": 1.0}"
GPT-5,gpt-5,gpt5,DBEVAL-V0-048,0.15693430656934307,scored,0.15693430656934307,completed,3f4646ae-2a6c-49c8-95ae-325d83c47c39,True,True,27215,"{""backbone_atom_completeness"": 1.0, ""ca_lddt"": 0.15693430656934307, ""coordinate_coverage"": 1.0, ""lddt_distance_cutoff_angstrom"": 15.0, ""lddt_evaluated_contacts"": 822, ""lddt_missing_contacts"": 0, ""lddt_reference_contacts"": 822, ""structure_validity"": 1.0}","{""backbone_completeness"": 1.0, ""lddt_thresholds_angstrom"": [0.5, 1.0, 2.0, 4.0], ""n_pred"": 85, ""n_true"": 85, ""overlap"": 85, ""structure_format"": ""pdb"", ""validity"": 1.0}"
GPT-5,gpt-5,gpt5,DBEVAL-V0-049,0.08245341614906833,scored,0.08245341614906833,completed,5681edc4-47e0-43b6-904b-f8edd27e40ba,True,True,25935,"{""backbone_atom_completeness"": 1.0, ""ca_lddt"": 0.08245341614906833, ""coordinate_coverage"": 1.0, ""lddt_distance_cutoff_angstrom"": 15.0, ""lddt_evaluated_contacts"": 1610, ""lddt_missing_contacts"": 0, ""lddt_reference_contacts"": 1610, ""structure_validity"": 1.0}","{""backbone_completeness"": 1.0, ""lddt_thresholds_angstrom"": [0.5, 1.0, 2.0, 4.0], ""n_pred"": 81, ""n_true"": 81, ""overlap"": 81, ""structure_format"": ""pdb"", ""validity"": 1.0}"
GPT-5,gpt-5,gpt5,DBEVAL-V0-050,0.149734395750332,scored,0.149734395750332,completed,2a983873-9e41-4281-b92d-8829240c4a6a,True,True,26255,"{""backbone_atom_completeness"": 1.0, ""ca_lddt"": 0.149734395750332, ""coordinate_coverage"": 1.0, ""lddt_distance_cutoff_angstrom"": 15.0, ""lddt_evaluated_contacts"": 753, ""lddt_missing_contacts"": 0, ""lddt_reference_contacts"": 753, ""structure_validity"": 1.0}","{""backbone_completeness"": 1.0, ""lddt_thresholds_angstrom"": [0.5, 1.0, 2.0, 4.0], ""n_pred"": 82, ""n_true"": 82, ""overlap"": 82, ""structure_format"": ""pdb"", ""validity"": 1.0}"
GPT-5,gpt-5,gpt5,DBEVAL-V0-051,0.13211845102505695,scored,0.13211845102505695,completed,6e033745-a17c-40c0-9e89-8c83b1977a04,True,True,25695,"{""backbone_atom_completeness"": 1.0, ""ca_lddt"": 0.13211845102505695, ""coordinate_coverage"": 1.0, ""lddt_distance_cutoff_angstrom"": 15.0, ""lddt_evaluated_contacts"": 878, ""lddt_missing_contacts"": 0, ""lddt_reference_contacts"": 878, ""structure_validity"": 1.0}","{""backbone_completeness"": 1.0, ""lddt_thresholds_angstrom"": [0.5, 1.0, 2.0, 4.0], ""n_pred"": 80, ""n_true"": 80, ""overlap"": 80, ""structure_format"": ""pdb"", ""validity"": 1.0}"
GPT-5,gpt-5,gpt5,DBEVAL-V0-052,0.12968241042345277,scored,0.12968241042345277,completed,fe35c37f-e5ab-4ba4-987e-256c8949e91e,True,True,26895,"{""backbone_atom_completeness"": 1.0, ""ca_lddt"": 0.12968241042345277, ""coordinate_coverage"": 1.0, ""lddt_distance_cutoff_angstrom"": 15.0, ""lddt_evaluated_contacts"": 1228, ""lddt_missing_contacts"": 0, ""lddt_reference_contacts"": 1228, ""structure_validity"": 1.0}","{""backbone_completeness"": 1.0, ""lddt_thresholds_angstrom"": [0.5, 1.0, 2.0, 4.0], ""n_pred"": 84, ""n_true"": 84, ""overlap"": 84, ""structure_format"": ""pdb"", ""validity"": 1.0}"
GPT-5,gpt-5,gpt5,DBEVAL-V0-053,0.12486800422386483,scored,0.12486800422386483,completed,0d002fde-4fde-46e7-be48-dc08c90891f7,True,True,25935,"{""backbone_atom_completeness"": 1.0, ""ca_lddt"": 0.12486800422386483, ""coordinate_coverage"": 1.0, ""lddt_distance_cutoff_angstrom"": 15.0, ""lddt_evaluated_contacts"": 947, ""lddt_missing_contacts"": 0, ""lddt_reference_contacts"": 947, ""structure_validity"": 1.0}","{""backbone_completeness"": 1.0, ""lddt_thresholds_angstrom"": [0.5, 1.0, 2.0, 4.0], ""n_pred"": 81, ""n_true"": 81, ""overlap"": 81, ""structure_format"": ""pdb"", ""validity"": 1.0}"
GPT-5,gpt-5,gpt5,DBEVAL-V0-054,0.0,invalid_answer,0.0,error,3ccc2bf0-0bac-4c61-9b3c-845b51929778,False,False,0,"{""json_parse"": 0.0}","{""error"": ""empty answer""}"
GPT-5,gpt-5,gpt5,DBEVAL-V0-055,0.09454887218045113,scored,0.09454887218045113,completed,4efbb167-f7d0-4d70-b7c3-55d9270f76af,True,True,25940,"{""backbone_atom_completeness"": 1.0, ""ca_lddt"": 0.09454887218045113, ""coordinate_coverage"": 1.0, ""lddt_distance_cutoff_angstrom"": 15.0, ""lddt_evaluated_contacts"": 1330, ""lddt_missing_contacts"": 0, ""lddt_reference_contacts"": 1330, ""structure_validity"": 1.0}","{""backbone_completeness"": 1.0, ""lddt_thresholds_angstrom"": [0.5, 1.0, 2.0, 4.0], ""n_pred"": 81, ""n_true"": 81, ""overlap"": 81, ""structure_format"": ""pdb"", ""validity"": 1.0}"
GPT-5,gpt-5,gpt5,DBEVAL-V0-056,0.14855072463768115,scored,0.14855072463768115,completed,cee10014-d823-454b-ab2e-2e3d3d34bd29,True,True,26283,"{""backbone_atom_completeness"": 1.0, ""ca_lddt"": 0.14855072463768115, ""coordinate_coverage"": 1.0, ""lddt_distance_cutoff_angstrom"": 15.0, ""lddt_evaluated_contacts"": 690, ""lddt_missing_contacts"": 0, ""lddt_reference_contacts"": 690, ""structure_validity"": 1.0}","{""backbone_completeness"": 1.0, ""lddt_thresholds_angstrom"": [0.5, 1.0, 2.0, 4.0], ""n_pred"": 82, ""n_true"": 82, ""overlap"": 82, ""structure_format"": ""pdb"", ""validity"": 1.0}"
GPT-5,gpt-5,gpt5,DBEVAL-V0-057,0.0863323124042879,scored,0.0863323124042879,completed,bb266f3d-e195-457c-b03a-223186e9eac4,True,True,26255,"{""backbone_atom_completeness"": 1.0, ""ca_lddt"": 0.0863323124042879, ""coordinate_coverage"": 1.0, ""lddt_distance_cutoff_angstrom"": 15.0, ""lddt_evaluated_contacts"": 1306, ""lddt_missing_contacts"": 0, ""lddt_reference_contacts"": 1306, ""structure_validity"": 1.0}","{""backbone_completeness"": 1.0, ""lddt_thresholds_angstrom"": [0.5, 1.0, 2.0, 4.0], ""n_pred"": 82, ""n_true"": 82, ""overlap"": 82, ""structure_format"": ""pdb"", ""validity"": 1.0}"
GPT-5,gpt-5,gpt5,DBEVAL-V0-058,0.1696035242290749,scored,0.1696035242290749,completed,5e3e6e3f-6f96-4b30-9ab5-f46c0a6d9189,True,True,25723,"{""backbone_atom_completeness"": 1.0, ""ca_lddt"": 0.1696035242290749, ""coordinate_coverage"": 1.0, ""lddt_distance_cutoff_angstrom"": 15.0, ""lddt_evaluated_contacts"": 681, ""lddt_missing_contacts"": 0, ""lddt_reference_contacts"": 681, ""structure_validity"": 1.0}","{""backbone_completeness"": 1.0, ""lddt_thresholds_angstrom"": [0.5, 1.0, 2.0, 4.0], ""n_pred"": 80, ""n_true"": 80, ""overlap"": 80, ""structure_format"": ""pdb"", ""validity"": 1.0}"
GPT-5,gpt-5,gpt5,DBEVAL-V0-059,0.12723449001051526,scored,0.12723449001051526,completed,94ff9034-fa8a-488a-a0ad-39daab287247,True,True,26041,"{""backbone_atom_completeness"": 1.0, ""ca_lddt"": 0.12723449001051526, ""coordinate_coverage"": 1.0, ""lddt_distance_cutoff_angstrom"": 15.0, ""lddt_evaluated_contacts"": 951, ""lddt_missing_contacts"": 0, ""lddt_reference_contacts"": 951, ""structure_validity"": 1.0}","{""backbone_completeness"": 1.0, ""lddt_thresholds_angstrom"": [0.5, 1.0, 2.0, 4.0], ""n_pred"": 81, ""n_true"": 81, ""overlap"": 81, ""structure_format"": ""pdb"", ""validity"": 1.0}"
GPT-5,gpt-5,gpt5,DBEVAL-V0-060,0.11395434462444771,scored,0.11395434462444771,completed,29436658-5e7b-4db9-bf73-5e90356439e7,True,True,25613,"{""backbone_atom_completeness"": 1.0, ""ca_lddt"": 0.11395434462444771, ""coordinate_coverage"": 1.0, ""lddt_distance_cutoff_angstrom"": 15.0, ""lddt_evaluated_contacts"": 1358, ""lddt_missing_contacts"": 0, ""lddt_reference_contacts"": 1358, ""structure_validity"": 1.0}","{""backbone_completeness"": 1.0, ""lddt_thresholds_angstrom"": [0.5, 1.0, 2.0, 4.0], ""n_pred"": 80, ""n_true"": 80, ""overlap"": 80, ""structure_format"": ""pdb"", ""validity"": 1.0}"
GPT-4o,gpt-4o,gpt4o,DBEVAL-V0-041,0.0006042296072507553,scored,0.0006042296072507553,completed,dc3fe4d0-bf88-4737-96fe-be420d0a1eaf,True,True,1628,"{""backbone_atom_completeness"": 1.0, ""ca_lddt"": 0.0006042296072507553, ""coordinate_coverage"": 0.023529411764705882, ""lddt_distance_cutoff_angstrom"": 15.0, ""lddt_evaluated_contacts"": 1, ""lddt_missing_contacts"": 1654, ""lddt_reference_contacts"": 1655, ""structure_validity"": 1.0}","{""backbone_completeness"": 1.0, ""lddt_thresholds_angstrom"": [0.5, 1.0, 2.0, 4.0], ""n_pred"": 2, ""n_true"": 85, ""overlap"": 2, ""structure_format"": ""pdb"", ""validity"": 1.0}"
GPT-4o,gpt-4o,gpt4o,DBEVAL-V0-042,0.11981865284974093,scored,0.11981865284974093,completed,875a651d-a827-4ed0-80fa-84da5090c6c8,True,True,14442,"{""backbone_atom_completeness"": 1.0, ""ca_lddt"": 0.11981865284974093, ""coordinate_coverage"": 0.5301204819277109, ""lddt_distance_cutoff_angstrom"": 15.0, ""lddt_evaluated_contacts"": 338, ""lddt_missing_contacts"": 820, ""lddt_reference_contacts"": 1158, ""structure_validity"": 1.0}","{""backbone_completeness"": 1.0, ""lddt_thresholds_angstrom"": [0.5, 1.0, 2.0, 4.0], ""n_pred"": 44, ""n_true"": 83, ""overlap"": 44, ""structure_format"": ""pdb"", ""validity"": 1.0}"
GPT-4o,gpt-4o,gpt4o,DBEVAL-V0-043,0.2835648148148148,scored,0.2835648148148148,completed,99e0dc26-9ab9-4f0d-a41b-3b71efa35fdd,True,True,26912,"{""backbone_atom_completeness"": 1.0, ""ca_lddt"": 0.2835648148148148, ""coordinate_coverage"": 0.9390243902439024, ""lddt_distance_cutoff_angstrom"": 15.0, ""lddt_evaluated_contacts"": 970, ""lddt_missing_contacts"": 110, ""lddt_reference_contacts"": 1080, ""structure_validity"": 1.0}","{""backbone_completeness"": 1.0, ""lddt_thresholds_angstrom"": [0.5, 1.0, 2.0, 4.0], ""n_pred"": 77, ""n_true"": 82, ""overlap"": 77, ""structure_format"": ""pdb"", ""validity"": 1.0}"
GPT-4o,gpt-4o,gpt4o,DBEVAL-V0-044,0.2806577480490524,scored,0.2806577480490524,completed,c26826ca-328e-460f-b96e-921ffb614cab,True,True,25631,"{""backbone_atom_completeness"": 1.0, ""ca_lddt"": 0.2806577480490524, ""coordinate_coverage"": 1.0, ""lddt_distance_cutoff_angstrom"": 15.0, ""lddt_evaluated_contacts"": 897, ""lddt_missing_contacts"": 0, ""lddt_reference_contacts"": 897, ""structure_validity"": 1.0}","{""backbone_completeness"": 1.0, ""lddt_thresholds_angstrom"": [0.5, 1.0, 2.0, 4.0], ""n_pred"": 80, ""n_true"": 80, ""overlap"": 80, ""structure_format"": ""pdb"", ""validity"": 1.0}"
GPT-4o,gpt-4o,gpt4o,DBEVAL-V0-045,0.029573367808661925,scored,0.029573367808661925,completed,129fe8d6-50f2-4a84-a1c0-633978508ea4,True,True,6961,"{""backbone_atom_completeness"": 0.9659090909090909, ""ca_lddt"": 0.029573367808661925, ""coordinate_coverage"": 0.25, ""lddt_distance_cutoff_angstrom"": 15.0, ""lddt_evaluated_contacts"": 141, ""lddt_missing_contacts"": 1406, ""lddt_reference_contacts"": 1547, ""structure_validity"": 1.0}","{""backbone_completeness"": 0.9659090909090909, ""lddt_thresholds_angstrom"": [0.5, 1.0, 2.0, 4.0], ""n_pred"": 21, ""n_true"": 84, ""overlap"": 21, ""structure_format"": ""pdb"", ""validity"": 1.0}"
GPT-4o,gpt-4o,gpt4o,DBEVAL-V0-046,0.0024523946912867857,scored,0.0024523946912867857,completed,af002635-b561-42c4-9520-4fa7db61511a,True,True,1569,"{""backbone_atom_completeness"": 0.7916666666666666, ""ca_lddt"": 0.0024523946912867857, ""coordinate_coverage"": 0.04395604395604396, ""lddt_distance_cutoff_angstrom"": 15.0, ""lddt_evaluated_contacts"": 6, ""lddt_missing_contacts"": 1727, ""lddt_reference_contacts"": 1733, ""structure_validity"": 1.0}","{""backbone_completeness"": 0.7916666666666666, ""lddt_thresholds_angstrom"": [0.5, 1.0, 2.0, 4.0], ""n_pred"": 4, ""n_true"": 91, ""overlap"": 4, ""structure_format"": ""pdb"", ""validity"": 1.0}"
GPT-4o,gpt-4o,gpt4o,DBEVAL-V0-047,0.0,invalid_answer,0.0,error,06f62e66-8eb8-45ce-b3fa-b7d2d2a0a834,False,False,0,"{""json_parse"": 0.0}","{""error"": ""empty answer""}"
GPT-4o,gpt-4o,gpt4o,DBEVAL-V0-048,0.15845498783454987,scored,0.15845498783454987,completed,73ccc44a-2638-4f51-9bea-c232a4b6902a,True,True,19534,"{""backbone_atom_completeness"": 0.45045045045045046, ""ca_lddt"": 0.15845498783454987, ""coordinate_coverage"": 0.6, ""lddt_distance_cutoff_angstrom"": 15.0, ""lddt_evaluated_contacts"": 376, ""lddt_missing_contacts"": 446, ""lddt_reference_contacts"": 822, ""structure_validity"": 1.0}","{""backbone_completeness"": 0.45045045045045046, ""lddt_thresholds_angstrom"": [0.5, 1.0, 2.0, 4.0], ""n_pred"": 51, ""n_true"": 85, ""overlap"": 51, ""structure_format"": ""pdb"", ""validity"": 1.0}"
GPT-4o,gpt-4o,gpt4o,DBEVAL-V0-049,0.0012422360248447205,scored,0.0012422360248447205,completed,9e88cbb9-731e-4e2c-9677-2eaf7364908c,True,True,1166,"{""backbone_atom_completeness"": 0.7, ""ca_lddt"": 0.0012422360248447205, ""coordinate_coverage"": 0.04938271604938271, ""lddt_distance_cutoff_angstrom"": 15.0, ""lddt_evaluated_contacts"": 6, ""lddt_missing_contacts"": 1604, ""lddt_reference_contacts"": 1610, ""structure_validity"": 1.0}","{""backbone_completeness"": 0.7, ""lddt_thresholds_angstrom"": [0.5, 1.0, 2.0, 4.0], ""n_pred"": 4, ""n_true"": 81, ""overlap"": 4, ""structure_format"": ""pdb"", ""validity"": 1.0}"
GPT-4o,gpt-4o,gpt4o,DBEVAL-V0-050,0.36819389110225764,scored,0.36819389110225764,completed,5142c87d-0b6e-4ea7-b069-d233ef01eeb1,True,True,26251,"{""backbone_atom_completeness"": 1.0, ""ca_lddt"": 0.36819389110225764, ""coordinate_coverage"": 1.0, ""lddt_distance_cutoff_angstrom"": 15.0, ""lddt_evaluated_contacts"": 753, ""lddt_missing_contacts"": 0, ""lddt_reference_contacts"": 753, ""structure_validity"": 1.0}","{""backbone_completeness"": 1.0, ""lddt_thresholds_angstrom"": [0.5, 1.0, 2.0, 4.0], ""n_pred"": 82, ""n_true"": 82, ""overlap"": 82, ""structure_format"": ""pdb"", ""validity"": 1.0}"
GPT-4o,gpt-4o,gpt4o,DBEVAL-V0-051,0.01366742596810934,scored,0.01366742596810934,completed,32249307-4d5d-47c8-a4ad-8ab30a262505,True,True,3708,"{""backbone_atom_completeness"": 0.6363636363636364, ""ca_lddt"": 0.01366742596810934, ""coordinate_coverage"": 0.0875, ""lddt_distance_cutoff_angstrom"": 15.0, ""lddt_evaluated_contacts"": 18, ""lddt_missing_contacts"": 860, ""lddt_reference_contacts"": 878, ""structure_validity"": 1.0}","{""backbone_completeness"": 0.6363636363636364, ""lddt_thresholds_angstrom"": [0.5, 1.0, 2.0, 4.0], ""n_pred"": 7, ""n_true"": 80, ""overlap"": 7, ""structure_format"": ""pdb"", ""validity"": 1.0}"
GPT-4o,gpt-4o,gpt4o,DBEVAL-V0-052,0.14413680781758959,scored,0.14413680781758959,completed,176e4f71-c5c8-4ef0-aa0c-a7f3036e34be,True,True,23764,"{""backbone_atom_completeness"": 0.9828767123287672, ""ca_lddt"": 0.14413680781758959, ""coordinate_coverage"": 0.7380952380952381, ""lddt_distance_cutoff_angstrom"": 15.0, ""lddt_evaluated_contacts"": 655, ""lddt_missing_contacts"": 573, ""lddt_reference_contacts"": 1228, ""structure_validity"": 1.0}","{""backbone_completeness"": 0.9828767123287672, ""lddt_thresholds_angstrom"": [0.5, 1.0, 2.0, 4.0], ""n_pred"": 62, ""n_true"": 84, ""overlap"": 62, ""structure_format"": ""pdb"", ""validity"": 1.0}"
GPT-4o,gpt-4o,gpt4o,DBEVAL-V0-053,0.03907074973600845,scored,0.03907074973600845,completed,e8984337-d840-4adc-85ec-059eee47d11e,True,True,6655,"{""backbone_atom_completeness"": 0.9642857142857143, ""ca_lddt"": 0.03907074973600845, ""coordinate_coverage"": 0.24691358024691357, ""lddt_distance_cutoff_angstrom"": 15.0, ""lddt_evaluated_contacts"": 130, ""lddt_missing_contacts"": 817, ""lddt_reference_contacts"": 947, ""structure_validity"": 1.0}","{""backbone_completeness"": 0.9642857142857143, ""lddt_thresholds_angstrom"": [0.5, 1.0, 2.0, 4.0], ""n_pred"": 20, ""n_true"": 81, ""overlap"": 20, ""structure_format"": ""pdb"", ""validity"": 1.0}"
GPT-4o,gpt-4o,gpt4o,DBEVAL-V0-054,0.004419191919191919,scored,0.004419191919191919,completed,d543e885-1705-4ab2-bfa5-f4540bc65e14,True,True,1330,"{""backbone_atom_completeness"": 1.0, ""ca_lddt"": 0.004419191919191919, ""coordinate_coverage"": 0.04819277108433735, ""lddt_distance_cutoff_angstrom"": 15.0, ""lddt_evaluated_contacts"": 6, ""lddt_missing_contacts"": 1182, ""lddt_reference_contacts"": 1188, ""structure_validity"": 1.0}","{""backbone_completeness"": 1.0, ""lddt_thresholds_angstrom"": [0.5, 1.0, 2.0, 4.0], ""n_pred"": 4, ""n_true"": 83, ""overlap"": 4, ""structure_format"": ""pdb"", ""validity"": 1.0}"
GPT-4o,gpt-4o,gpt4o,DBEVAL-V0-055,0.0,invalid_answer,0.0,completed,927d3c69-840d-4b69-95d1-eb91f01071b5,True,True,50,{},"{""reason"": ""pdb does not contain parseable CA coordinates""}"
GPT-4o,gpt-4o,gpt4o,DBEVAL-V0-056,0.0,invalid_answer,0.0,completed,b04766fa-1dee-4a94-b79d-d869e93c647e,True,True,2174,{},"{""reason"": ""pdb does not contain parseable CA coordinates""}"
GPT-4o,gpt-4o,gpt4o,DBEVAL-V0-057,0.08020673813169985,scored,0.08020673813169985,completed,9024ae6e-35da-476d-b1a7-a6cc50da956f,True,True,11533,"{""backbone_atom_completeness"": 1.0, ""ca_lddt"": 0.08020673813169985, ""coordinate_coverage"": 0.43902439024390244, ""lddt_distance_cutoff_angstrom"": 15.0, ""lddt_evaluated_contacts"": 371, ""lddt_missing_contacts"": 935, ""lddt_reference_contacts"": 1306, ""structure_validity"": 1.0}","{""backbone_completeness"": 1.0, ""lddt_thresholds_angstrom"": [0.5, 1.0, 2.0, 4.0], ""n_pred"": 36, ""n_true"": 82, ""overlap"": 36, ""structure_format"": ""pdb"", ""validity"": 1.0}"
GPT-4o,gpt-4o,gpt4o,DBEVAL-V0-058,0.0,invalid_answer,0.0,completed,895643ee-8891-4e05-9224-9d4779db426f,True,True,931,{},"{""reason"": ""pdb does not contain parseable CA coordinates""}"
GPT-4o,gpt-4o,gpt4o,DBEVAL-V0-059,0.1926919032597266,scored,0.1926919032597266,completed,4dfd74c3-953b-4b7a-bfcd-f4e3d530935b,True,True,21333,"{""backbone_atom_completeness"": 1.0, ""ca_lddt"": 0.1926919032597266, ""coordinate_coverage"": 0.8024691358024691, ""lddt_distance_cutoff_angstrom"": 15.0, ""lddt_evaluated_contacts"": 819, ""lddt_missing_contacts"": 132, ""lddt_reference_contacts"": 951, ""structure_validity"": 1.0}","{""backbone_completeness"": 1.0, ""lddt_thresholds_angstrom"": [0.5, 1.0, 2.0, 4.0], ""n_pred"": 65, ""n_true"": 81, ""overlap"": 65, ""structure_format"": ""pdb"", ""validity"": 1.0}"
GPT-4o,gpt-4o,gpt4o,DBEVAL-V0-060,0.0022091310751104565,scored,0.0022091310751104565,completed,87304467-8ce9-4161-988c-96fb64b9840c,True,True,999,"{""backbone_atom_completeness"": 1.0, ""ca_lddt"": 0.0022091310751104565, ""coordinate_coverage"": 0.0375, ""lddt_distance_cutoff_angstrom"": 15.0, ""lddt_evaluated_contacts"": 3, ""lddt_missing_contacts"": 1355, ""lddt_reference_contacts"": 1358, ""structure_validity"": 1.0}","{""backbone_completeness"": 1.0, ""lddt_thresholds_angstrom"": [0.5, 1.0, 2.0, 4.0], ""n_pred"": 3, ""n_true"": 80, ""overlap"": 3, ""structure_format"": ""pdb"", ""validity"": 1.0}"
