model,model_label,question_id,question_index,task,replacement_source,replacement_pass,old_job_id,old_trace_id,old_status,old_reward,new_job_id,new_trace_id,new_status,new_reward,new_error
gemini-3.1-pro-preview,Gemini 3.1 Pro,DBEVAL-V0-013,13,AnoleGeneParse,error_retry_terminal,first_retry,a22bf38c-950f-482d-88b7-8f471a6d2c57,23364573-b5cb-4f61-857f-c67bed8a1144,error,0.0,3b6fb416-2a59-4e0d-84f6-b2b8b810475e,ad150baa-5611-49d2-b2b6-cfe5fdbd3427,completed,1.0,
gemini-3.1-pro-preview,Gemini 3.1 Pro,DBEVAL-V0-041,41,KomodoProteinFold,error_retry_terminal,first_retry,a22bf38c-950f-482d-88b7-8f471a6d2c57,ec2171f0-422c-4bee-8786-ae6d89041e3c,error,0.0,3b6fb416-2a59-4e0d-84f6-b2b8b810475e,9c4d6ca6-ac92-4a45-8fce-b5fb4f6d9b35,error,0.0,"504 Gateway Time-out. {'message': '<html>\r\n<head><title>504 Gateway Time-out</title></head>\r\n<body>\r\n<center><h1>504 Gateway Time-out</h1></center>\r\n</body>\r\n</html>\r\n', 'status': 'Gateway Time-out'}"
gemini-3.1-pro-preview,Gemini 3.1 Pro,DBEVAL-V0-042,42,KomodoProteinFold,error_retry_terminal,first_retry,a22bf38c-950f-482d-88b7-8f471a6d2c57,b2e196be-a679-4820-bb89-533b9233f67f,error,0.0,3b6fb416-2a59-4e0d-84f6-b2b8b810475e,30036b96-933a-4a16-80e7-bcc4b6ea0288,error,0.0,"504 Gateway Time-out. {'message': '<html>\r\n<head><title>504 Gateway Time-out</title></head>\r\n<body>\r\n<center><h1>504 Gateway Time-out</h1></center>\r\n</body>\r\n</html>\r\n', 'status': 'Gateway Time-out'}"
gemini-3.1-pro-preview,Gemini 3.1 Pro,DBEVAL-V0-043,43,KomodoProteinFold,error_retry_terminal,first_retry,a22bf38c-950f-482d-88b7-8f471a6d2c57,34efd04d-74b4-48db-b760-9a43a8e3f0ed,error,0.0,3b6fb416-2a59-4e0d-84f6-b2b8b810475e,824f5394-cd95-448c-9337-953f0e0ce1d2,error,0.0,"504 Gateway Time-out. {'message': '<html>\r\n<head><title>504 Gateway Time-out</title></head>\r\n<body>\r\n<center><h1>504 Gateway Time-out</h1></center>\r\n</body>\r\n</html>\r\n', 'status': 'Gateway Time-out'}"
gemini-3.1-pro-preview,Gemini 3.1 Pro,DBEVAL-V0-044,44,KomodoProteinFold,error_retry_terminal,first_retry,a22bf38c-950f-482d-88b7-8f471a6d2c57,cbd5f65f-feee-4434-aa24-3976494fa798,error,0.0,3b6fb416-2a59-4e0d-84f6-b2b8b810475e,0c847d66-62ed-421e-abfd-7706d83eb332,error,0.0,"504 Gateway Time-out. {'message': '<html>\r\n<head><title>504 Gateway Time-out</title></head>\r\n<body>\r\n<center><h1>504 Gateway Time-out</h1></center>\r\n</body>\r\n</html>\r\n', 'status': 'Gateway Time-out'}"
gemini-3.1-pro-preview,Gemini 3.1 Pro,DBEVAL-V0-045,45,KomodoProteinFold,error_retry_terminal,first_retry,a22bf38c-950f-482d-88b7-8f471a6d2c57,4c682c24-1ed8-4248-8fd7-30dedb95ecf2,error,0.0,3b6fb416-2a59-4e0d-84f6-b2b8b810475e,0a391772-2dc8-48e9-8f3b-74fec024daf9,error,0.0,"504 Gateway Time-out. {'message': '<html>\r\n<head><title>504 Gateway Time-out</title></head>\r\n<body>\r\n<center><h1>504 Gateway Time-out</h1></center>\r\n</body>\r\n</html>\r\n', 'status': 'Gateway Time-out'}"
gemini-3.1-pro-preview,Gemini 3.1 Pro,DBEVAL-V0-046,46,KomodoProteinFold,error_retry_terminal,first_retry,a22bf38c-950f-482d-88b7-8f471a6d2c57,2aee2f6f-0a77-4b37-a494-7e1540876dc8,error,0.0,3b6fb416-2a59-4e0d-84f6-b2b8b810475e,9f058647-89f5-4983-9dfa-4182afb4da6d,error,0.0,"504 Gateway Time-out. {'message': '<html>\r\n<head><title>504 Gateway Time-out</title></head>\r\n<body>\r\n<center><h1>504 Gateway Time-out</h1></center>\r\n</body>\r\n</html>\r\n', 'status': 'Gateway Time-out'}"
gemini-3.1-pro-preview,Gemini 3.1 Pro,DBEVAL-V0-047,47,KomodoProteinFold,error_retry_terminal,first_retry,a22bf38c-950f-482d-88b7-8f471a6d2c57,45f9922f-56f5-41b9-ab25-21d51a588f92,error,0.0,3b6fb416-2a59-4e0d-84f6-b2b8b810475e,5ebd26c5-e786-4014-8188-d7a923b0ded1,error,0.0,"504 Gateway Time-out. {'message': '<html>\r\n<head><title>504 Gateway Time-out</title></head>\r\n<body>\r\n<center><h1>504 Gateway Time-out</h1></center>\r\n</body>\r\n</html>\r\n', 'status': 'Gateway Time-out'}"
gemini-3.1-pro-preview,Gemini 3.1 Pro,DBEVAL-V0-048,48,KomodoProteinFold,error_retry_terminal,first_retry,a22bf38c-950f-482d-88b7-8f471a6d2c57,ab497b0e-8411-471c-b381-16c6f62c6fa8,error,0.0,3b6fb416-2a59-4e0d-84f6-b2b8b810475e,1a4e7e12-7f17-479e-8869-f9160278739a,error,0.0,"504 Gateway Time-out. {'message': '<html>\r\n<head><title>504 Gateway Time-out</title></head>\r\n<body>\r\n<center><h1>504 Gateway Time-out</h1></center>\r\n</body>\r\n</html>\r\n', 'status': 'Gateway Time-out'}"
gemini-3.1-pro-preview,Gemini 3.1 Pro,DBEVAL-V0-049,49,KomodoProteinFold,error_retry_terminal,first_retry,a22bf38c-950f-482d-88b7-8f471a6d2c57,b74a257a-cc11-46b4-8cea-e40e331e7858,error,0.0,3b6fb416-2a59-4e0d-84f6-b2b8b810475e,8a0bb53d-78d3-4f5e-86cd-916d51181d53,error,0.0,"504 Gateway Time-out. {'message': '<html>\r\n<head><title>504 Gateway Time-out</title></head>\r\n<body>\r\n<center><h1>504 Gateway Time-out</h1></center>\r\n</body>\r\n</html>\r\n', 'status': 'Gateway Time-out'}"
gemini-3.1-pro-preview,Gemini 3.1 Pro,DBEVAL-V0-050,50,KomodoProteinFold,error_retry_terminal,first_retry,a22bf38c-950f-482d-88b7-8f471a6d2c57,1851afec-ff52-4b33-88fb-ac52b198190c,error,0.0,3b6fb416-2a59-4e0d-84f6-b2b8b810475e,760f6ca0-1bac-4f6c-9a7b-f6b5d42f2def,error,0.0,"504 Gateway Time-out. {'message': '<html>\r\n<head><title>504 Gateway Time-out</title></head>\r\n<body>\r\n<center><h1>504 Gateway Time-out</h1></center>\r\n</body>\r\n</html>\r\n', 'status': 'Gateway Time-out'}"
gemini-3.1-pro-preview,Gemini 3.1 Pro,DBEVAL-V0-051,51,KomodoProteinFold,error_retry_terminal,first_retry,a22bf38c-950f-482d-88b7-8f471a6d2c57,2bfb3476-be20-4dde-944c-26f531f959f7,error,0.0,3b6fb416-2a59-4e0d-84f6-b2b8b810475e,33cd7f50-2c4a-4496-ba60-f9997ba1b45d,error,0.0,"503 upstream_overloaded. {'error': {'code': 503, 'message': ""no healthy keys for provider 'gemini'"", 'status': 'upstream_overloaded'}}"
gemini-3.1-pro-preview,Gemini 3.1 Pro,DBEVAL-V0-052,52,KomodoProteinFold,error_retry_terminal,first_retry,a22bf38c-950f-482d-88b7-8f471a6d2c57,24880242-95c4-4382-9c72-52fd8c26e92c,error,0.0,3b6fb416-2a59-4e0d-84f6-b2b8b810475e,122c61e3-7ee3-40dd-83ac-34e322225e5e,error,0.0,"503 upstream_overloaded. {'error': {'code': 503, 'message': ""no healthy keys for provider 'gemini'"", 'status': 'upstream_overloaded'}}"
gemini-3.1-pro-preview,Gemini 3.1 Pro,DBEVAL-V0-053,53,KomodoProteinFold,error_retry_terminal,first_retry,a22bf38c-950f-482d-88b7-8f471a6d2c57,241c70c8-0359-480d-a474-6d7fb6e1c12d,error,0.0,3b6fb416-2a59-4e0d-84f6-b2b8b810475e,dd94b1d0-9fec-443a-96c5-970911912b4e,error,0.0,"503 upstream_overloaded. {'error': {'code': 503, 'message': ""no healthy keys for provider 'gemini'"", 'status': 'upstream_overloaded'}}"
gemini-3.1-pro-preview,Gemini 3.1 Pro,DBEVAL-V0-054,54,KomodoProteinFold,error_retry_terminal,first_retry,a22bf38c-950f-482d-88b7-8f471a6d2c57,5f3943aa-9a13-460c-8728-a73fdac8c0e4,error,0.0,3b6fb416-2a59-4e0d-84f6-b2b8b810475e,5408b036-8ffd-4dad-8b86-157accc615cf,error,0.0,"503 upstream_overloaded. {'error': {'code': 503, 'message': ""no healthy keys for provider 'gemini'"", 'status': 'upstream_overloaded'}}"
gemini-3.1-pro-preview,Gemini 3.1 Pro,DBEVAL-V0-055,55,KomodoProteinFold,error_retry_terminal,first_retry,a22bf38c-950f-482d-88b7-8f471a6d2c57,baead157-2f6d-4550-a394-9b6843380a9e,error,0.0,3b6fb416-2a59-4e0d-84f6-b2b8b810475e,cf825bf1-5331-4d5a-a51d-d56741761260,error,0.0,"503 upstream_overloaded. {'error': {'code': 503, 'message': ""no healthy keys for provider 'gemini'"", 'status': 'upstream_overloaded'}}"
gemini-3.1-pro-preview,Gemini 3.1 Pro,DBEVAL-V0-056,56,KomodoProteinFold,error_retry_terminal,first_retry,a22bf38c-950f-482d-88b7-8f471a6d2c57,851217b7-87a6-4a82-9c49-6aa5377821f7,error,0.0,3b6fb416-2a59-4e0d-84f6-b2b8b810475e,605e6a47-6b13-40ca-bb4b-b3a8018131fc,error,0.0,"503 upstream_overloaded. {'error': {'code': 503, 'message': ""no healthy keys for provider 'gemini'"", 'status': 'upstream_overloaded'}}"
gemini-3.1-pro-preview,Gemini 3.1 Pro,DBEVAL-V0-057,57,KomodoProteinFold,error_retry_terminal,first_retry,a22bf38c-950f-482d-88b7-8f471a6d2c57,27ac83f9-496c-4653-a844-c33641b30387,error,0.0,3b6fb416-2a59-4e0d-84f6-b2b8b810475e,2b5eb1e3-92a6-4c55-a8d0-0c170d55191d,error,0.0,"503 upstream_overloaded. {'error': {'code': 503, 'message': ""no healthy keys for provider 'gemini'"", 'status': 'upstream_overloaded'}}"
gemini-3.1-pro-preview,Gemini 3.1 Pro,DBEVAL-V0-058,58,KomodoProteinFold,error_retry_terminal,first_retry,a22bf38c-950f-482d-88b7-8f471a6d2c57,a932d108-b4f0-4bbb-8d93-ed32a20a4755,error,0.0,3b6fb416-2a59-4e0d-84f6-b2b8b810475e,5307ccc0-a78a-4585-bb8a-2629d9a6ca28,error,0.0,"503 upstream_overloaded. {'error': {'code': 503, 'message': ""no healthy keys for provider 'gemini'"", 'status': 'upstream_overloaded'}}"
gemini-3.1-pro-preview,Gemini 3.1 Pro,DBEVAL-V0-059,59,KomodoProteinFold,error_retry_terminal,first_retry,a22bf38c-950f-482d-88b7-8f471a6d2c57,1cea90dc-0b47-44bb-af7b-468aa5515ba3,error,0.0,3b6fb416-2a59-4e0d-84f6-b2b8b810475e,c2e54650-4233-462b-ae0d-e47d0b6baca5,error,0.0,"503 upstream_overloaded. {'error': {'code': 503, 'message': ""no healthy keys for provider 'gemini'"", 'status': 'upstream_overloaded'}}"
gemini-3.1-pro-preview,Gemini 3.1 Pro,DBEVAL-V0-060,60,KomodoProteinFold,error_retry_terminal,first_retry,a22bf38c-950f-482d-88b7-8f471a6d2c57,620efcba-e239-459f-9a7a-a6523505e535,error,0.0,3b6fb416-2a59-4e0d-84f6-b2b8b810475e,d2af3259-4ea7-45f4-9df8-2ef1e6c598a2,error,0.0,"503 upstream_overloaded. {'error': {'code': 503, 'message': ""no healthy keys for provider 'gemini'"", 'status': 'upstream_overloaded'}}"
gemini-3.1-pro-preview,Gemini 3.1 Pro,DBEVAL-V0-087,87,RNAFold,error_retry_terminal,first_retry,a22bf38c-950f-482d-88b7-8f471a6d2c57,1ddaafe6-a761-4357-8651-f7f78cee3d91,error,0.0,3b6fb416-2a59-4e0d-84f6-b2b8b810475e,e3ec13bd-289a-4805-8cba-ea3d6c9b6e83,error,0.0,"503 upstream_overloaded. {'error': {'code': 503, 'message': ""no healthy keys for provider 'gemini'"", 'status': 'upstream_overloaded'}}"
gemini-3.1-pro-preview,Gemini 3.1 Pro,DBEVAL-V0-088,88,RNAFold,error_retry_terminal,first_retry,a22bf38c-950f-482d-88b7-8f471a6d2c57,d12a5db7-5db9-4724-9e87-dcade95cc903,error,0.0,3b6fb416-2a59-4e0d-84f6-b2b8b810475e,f2017fd0-a0db-457b-b3b8-fcd1e52316bd,error,0.0,"503 upstream_overloaded. {'error': {'code': 503, 'message': ""no healthy keys for provider 'gemini'"", 'status': 'upstream_overloaded'}}"
gemini-3.1-pro-preview,Gemini 3.1 Pro,DBEVAL-V0-089,89,RNAFold,error_retry_terminal,first_retry,a22bf38c-950f-482d-88b7-8f471a6d2c57,50f84f6f-ec1e-4153-9ca9-7952773de364,error,0.0,3b6fb416-2a59-4e0d-84f6-b2b8b810475e,15e791ad-67e5-492f-903b-e03ec58c97c1,error,0.0,"503 upstream_overloaded. {'error': {'code': 503, 'message': ""no healthy keys for provider 'gemini'"", 'status': 'upstream_overloaded'}}"
gemini-3.1-pro-preview,Gemini 3.1 Pro,DBEVAL-V0-090,90,RNAFold,error_retry_terminal,first_retry,a22bf38c-950f-482d-88b7-8f471a6d2c57,e067b410-9211-47db-8c2e-f958125e641a,error,0.0,3b6fb416-2a59-4e0d-84f6-b2b8b810475e,07690cd4-e7d7-49b5-90bd-833625e119b8,error,0.0,"503 upstream_overloaded. {'error': {'code': 503, 'message': ""no healthy keys for provider 'gemini'"", 'status': 'upstream_overloaded'}}"
gpt-4o,GPT-4o,DBEVAL-V0-047,47,KomodoProteinFold,error_retry_terminal,first_retry,0f5e7425-9d0d-496e-b1cd-9aa4e1fa6c77,06f62e66-8eb8-45ce-b3fa-b7d2d2a0a834,error,0.0,cb1307c0-5117-43ab-81e2-179910f90711,e7ebd431-1f22-4104-a49b-1293c9ca95f6,completed,0.0030487804878048,
gpt-5,GPT-5,DBEVAL-V0-054,54,KomodoProteinFold,error_retry_terminal,first_retry,9c2a4fe7-68a4-42b4-a9da-06db80b501b9,3ccc2bf0-0bac-4c61-9b3c-845b51929778,error,0.0,6326a0df-0293-44ec-bd34-4b3cd4f39774,8a471d61-bf9b-4de2-96ae-56bdc8d7feb4,completed,0.1289983164983165,
gpt-5.4-mini,GPT-5.4 mini,DBEVAL-V0-057,57,KomodoProteinFold,error_retry_terminal,first_retry,f2e5a6ab-054a-4b34-889f-33b8890dc11f,feffd069-5575-471c-9348-b36c6283ef9c,error,0.0,418eac38-d4ee-4916-8854-270e844626d6,90747d56-dd0e-4f2d-ab4d-bfe0d409d242,completed,0.0828866768759571,
gpt-5.5,GPT-5.5,DBEVAL-V0-001,1,AnoleGeneParse,error_retry_terminal,first_retry,b4407a3e-477b-4933-83fb-96ff3213ca5c,bf3241c1-1bf1-47ec-9a41-86c756b91be5,error,0.0,b795fe7a-4d40-4948-989a-9577dfd331e0,f2fbe613-5332-4cb2-a1a1-7861052c2b9e,completed,0.0,
gpt-5.5,GPT-5.5,DBEVAL-V0-003,3,AnoleGeneParse,error_retry_terminal,first_retry,b4407a3e-477b-4933-83fb-96ff3213ca5c,c8d68dcd-b8c9-4626-828d-a25758a7e625,error,0.0,b795fe7a-4d40-4948-989a-9577dfd331e0,8b0708f3-fdb2-45b4-b245-5481e22dcb61,completed,0.945029239766082,
gpt-5.5,GPT-5.5,DBEVAL-V0-004,4,AnoleGeneParse,error_retry_terminal,first_retry,b4407a3e-477b-4933-83fb-96ff3213ca5c,222b9462-6329-4e3f-8cdc-912d45641ef8,error,0.0,b795fe7a-4d40-4948-989a-9577dfd331e0,204b3105-8b61-40e3-8574-91ffaea706ae,completed,0.0,
gpt-5.5,GPT-5.5,DBEVAL-V0-007,7,AnoleGeneParse,error_retry_terminal,first_retry,b4407a3e-477b-4933-83fb-96ff3213ca5c,32c2f17c-ddc7-4e6e-bf9d-6386fb42aa20,error,0.0,b795fe7a-4d40-4948-989a-9577dfd331e0,e14183f2-4371-45fe-af3e-b810936e0d8f,completed,0.6856106408706166,
gpt-5.5,GPT-5.5,DBEVAL-V0-008,8,AnoleGeneParse,error_retry_terminal,first_retry,b4407a3e-477b-4933-83fb-96ff3213ca5c,910a12d4-b2a3-43d7-a3b1-e8a0a29d114a,error,0.0,b795fe7a-4d40-4948-989a-9577dfd331e0,89e4715c-bf2a-4815-a5d3-a6a3484633b1,completed,0.5660828025477707,
gpt-5.5,GPT-5.5,DBEVAL-V0-009,9,AnoleGeneParse,error_retry_terminal,first_retry,b4407a3e-477b-4933-83fb-96ff3213ca5c,574ae3aa-5db6-4c88-b06c-9a259135e6ba,error,0.0,b795fe7a-4d40-4948-989a-9577dfd331e0,47dcc5db-7a1d-4da6-b0ce-671f6e311a91,completed,0.0,
gpt-5.5,GPT-5.5,DBEVAL-V0-010,10,AnoleGeneParse,error_retry_terminal,first_retry,b4407a3e-477b-4933-83fb-96ff3213ca5c,251dedf7-f90a-4388-832f-b8ed60641a93,error,0.0,b795fe7a-4d40-4948-989a-9577dfd331e0,6b5eac15-d8df-43ec-959d-9775b58afe6d,completed,0.8482932996207333,
gpt-5.5,GPT-5.5,DBEVAL-V0-013,13,AnoleGeneParse,error_retry_terminal,first_retry,b4407a3e-477b-4933-83fb-96ff3213ca5c,0df00647-9601-4725-91f4-4499b864b84b,error,0.0,b795fe7a-4d40-4948-989a-9577dfd331e0,eb234f07-4cba-4552-be49-64fe31481ae4,error,0.0,"<html>
<head><title>504 Gateway Time-out</title></head>
<body>
<center><h1>504 Gateway Time-out</h1></center>
</body>
</html>"
gpt-5.5,GPT-5.5,DBEVAL-V0-015,15,AnoleGeneParse,error_retry_terminal,first_retry,b4407a3e-477b-4933-83fb-96ff3213ca5c,6ab1f2af-94e2-42c5-9185-87e008c71995,error,0.0,b795fe7a-4d40-4948-989a-9577dfd331e0,eb64bdb4-288a-41f8-bea5-9e098fafaff8,completed,0.8994350282485876,
gpt-5.5,GPT-5.5,DBEVAL-V0-019,19,AnoleGeneParse,error_retry_terminal,first_retry,b4407a3e-477b-4933-83fb-96ff3213ca5c,5d22d71e-e29a-4b56-a7bb-4a3858b998ef,error,0.0,b795fe7a-4d40-4948-989a-9577dfd331e0,d54259fe-5fc3-42a4-ac1d-5ec5c6d841fc,completed,0.381109022556391,
gpt-5.5,GPT-5.5,DBEVAL-V0-084,84,RNAFold,error_retry_terminal,first_retry,b4407a3e-477b-4933-83fb-96ff3213ca5c,2c2ccdae-a673-4a93-842e-8a909f0ae1b8,error,0.0,b795fe7a-4d40-4948-989a-9577dfd331e0,e52d2842-32a3-4304-b7a2-94d4c26eb62c,completed,0.0789473684210526,
gpt-5.5,GPT-5.5,DBEVAL-V0-094,94,RNAFold,error_retry_terminal,first_retry,b4407a3e-477b-4933-83fb-96ff3213ca5c,0d94b11c-4adf-4a3f-9720-e96f19ffa9b4,error,0.0,b795fe7a-4d40-4948-989a-9577dfd331e0,ca9a1b1d-841e-4c76-bb83-55c6ba3af307,completed,0.0,
gpt-5.5,GPT-5.5,DBEVAL-V0-095,95,RNAFold,error_retry_terminal,first_retry,b4407a3e-477b-4933-83fb-96ff3213ca5c,3f79fb0c-dbd0-4606-9bbb-31321cade3ae,error,0.0,b795fe7a-4d40-4948-989a-9577dfd331e0,c20634a7-255e-41af-8029-0922ccef09de,completed,0.4262295081967213,
gpt-5.5,GPT-5.5,DBEVAL-V0-097,97,RNAFold,error_retry_terminal,first_retry,b4407a3e-477b-4933-83fb-96ff3213ca5c,0d545233-7152-4023-84a6-de219a3c231f,error,0.0,b795fe7a-4d40-4948-989a-9577dfd331e0,83518c1a-11d0-46cd-b218-2c032a654ffe,completed,0.0,
gpt-5.5,GPT-5.5,DBEVAL-V0-013,13,AnoleGeneParse,error_retry_terminal,second_retry,b795fe7a-4d40-4948-989a-9577dfd331e0,eb234f07-4cba-4552-be49-64fe31481ae4,error,0.0,5dc63e61-0eae-452b-b1b0-5dc74e341f0d,b6baddfc-b731-4cdd-9c13-2041cf15d685,completed,0.5827174530983513,
claude-opus-4-8,Opus 4.8,DBEVAL-V0-061,61,DragonTFBind,tf_bench_rerun,tf_bench_rerun,d0785f45-515b-4721-aa3c-d948dc5dd0f2,60a6bd07-df2e-4ef9-913e-d966b079cdcd,completed,0.3575090850165827,3077ca83-2ef4-4613-90e2-206dac3686ea,12bd39d9-bbcd-4ba8-a1f8-97349af115e0,completed,0.4165053451145142,
claude-opus-4-8,Opus 4.8,DBEVAL-V0-062,62,DragonTFBind,tf_bench_rerun,tf_bench_rerun,d0785f45-515b-4721-aa3c-d948dc5dd0f2,a3c3faa7-9740-4863-a334-a8dd8e44775a,completed,0.8547316528491795,3077ca83-2ef4-4613-90e2-206dac3686ea,25b9a707-da8a-4699-872a-218a38bc62b7,completed,0.9041427348839164,
claude-opus-4-8,Opus 4.8,DBEVAL-V0-063,63,DragonTFBind,tf_bench_rerun,tf_bench_rerun,d0785f45-515b-4721-aa3c-d948dc5dd0f2,42639704-966b-498f-ae67-3002ed925ea5,completed,0.7978634243562576,3077ca83-2ef4-4613-90e2-206dac3686ea,9d00764c-ae74-46fe-ac0f-7c20d626bd64,completed,0.8228114203998219,
claude-opus-4-8,Opus 4.8,DBEVAL-V0-064,64,DragonTFBind,tf_bench_rerun,tf_bench_rerun,d0785f45-515b-4721-aa3c-d948dc5dd0f2,7cea8968-114a-488f-b331-c59b91163bc4,completed,0.5550798951573257,3077ca83-2ef4-4613-90e2-206dac3686ea,b45d1411-0812-4112-bdc4-499bec07530b,completed,0.6342240482425557,
claude-opus-4-8,Opus 4.8,DBEVAL-V0-065,65,DragonTFBind,tf_bench_rerun,tf_bench_rerun,d0785f45-515b-4721-aa3c-d948dc5dd0f2,4171b299-986c-4dd0-91e8-322d0412f12c,completed,0.8518364249962831,3077ca83-2ef4-4613-90e2-206dac3686ea,cee49e2f-24b9-4398-941e-919426ca6ef2,completed,0.8763958387526004,
claude-opus-4-8,Opus 4.8,DBEVAL-V0-066,66,DragonTFBind,tf_bench_rerun,tf_bench_rerun,d0785f45-515b-4721-aa3c-d948dc5dd0f2,1bf139f8-c786-4f4d-b952-46c1b5d1d899,completed,0.8822988033830594,3077ca83-2ef4-4613-90e2-206dac3686ea,2ceee39c-aebf-46ee-a6ee-de8e4db11e3a,completed,0.9132660258954308,
claude-opus-4-8,Opus 4.8,DBEVAL-V0-067,67,DragonTFBind,tf_bench_rerun,tf_bench_rerun,d0785f45-515b-4721-aa3c-d948dc5dd0f2,dd389790-ae81-4e40-a638-067e64da1ba9,completed,0.6983342256246678,3077ca83-2ef4-4613-90e2-206dac3686ea,1daf4fc6-7ed2-4f3b-b2c9-031f6023fa38,completed,0.7297907222744278,
claude-opus-4-8,Opus 4.8,DBEVAL-V0-068,68,DragonTFBind,tf_bench_rerun,tf_bench_rerun,d0785f45-515b-4721-aa3c-d948dc5dd0f2,a6272c7d-2f95-49d3-8326-aa2979a385d2,completed,0.9271009271013908,3077ca83-2ef4-4613-90e2-206dac3686ea,226263a9-d1a8-4e36-8139-1643c666dbe0,completed,0.9562774981526984,
claude-opus-4-8,Opus 4.8,DBEVAL-V0-069,69,DragonTFBind,tf_bench_rerun,tf_bench_rerun,d0785f45-515b-4721-aa3c-d948dc5dd0f2,95957051-3ad1-4e46-9fa8-377378c5e8a4,completed,0.9254519912314692,3077ca83-2ef4-4613-90e2-206dac3686ea,f838e44d-136c-4a88-929d-90efcd52f943,completed,0.7003420474184091,
claude-opus-4-8,Opus 4.8,DBEVAL-V0-070,70,DragonTFBind,tf_bench_rerun,tf_bench_rerun,d0785f45-515b-4721-aa3c-d948dc5dd0f2,73c541f7-9411-4cf4-a37f-6b851fba807b,completed,0.7220132631087389,3077ca83-2ef4-4613-90e2-206dac3686ea,4a0a52b7-9279-487f-b6e1-f28b06453fa3,completed,0.4733876623760101,
claude-opus-4-8,Opus 4.8,DBEVAL-V0-071,71,DragonTFBind,tf_bench_rerun,tf_bench_rerun,d0785f45-515b-4721-aa3c-d948dc5dd0f2,60de3862-2712-46a7-8f4f-3dc3af59e3a6,completed,0.8902188551882028,3077ca83-2ef4-4613-90e2-206dac3686ea,aa296d20-4097-41e6-b603-7839cc5851ea,completed,0.6867937685844878,
claude-opus-4-8,Opus 4.8,DBEVAL-V0-072,72,DragonTFBind,tf_bench_rerun,tf_bench_rerun,d0785f45-515b-4721-aa3c-d948dc5dd0f2,dab30cdc-49b3-4b0a-a5a5-fce57ca7eadb,completed,0.0983421572060824,3077ca83-2ef4-4613-90e2-206dac3686ea,19e539b9-8ea0-4ffa-bd01-c83f4a7ee591,completed,0.0,
claude-opus-4-8,Opus 4.8,DBEVAL-V0-073,73,DragonTFBind,tf_bench_rerun,tf_bench_rerun,d0785f45-515b-4721-aa3c-d948dc5dd0f2,50314825-97a6-4b74-8bb7-0597bb3f2551,completed,0.7496755914896458,3077ca83-2ef4-4613-90e2-206dac3686ea,b7d09184-e45b-4321-8d97-e3f8d1879db4,completed,0.9387491677759294,
claude-opus-4-8,Opus 4.8,DBEVAL-V0-074,74,DragonTFBind,tf_bench_rerun,tf_bench_rerun,d0785f45-515b-4721-aa3c-d948dc5dd0f2,fdcc9dd9-4007-4937-bfd3-bbc7ef53a8bc,completed,0.7378603713872525,3077ca83-2ef4-4613-90e2-206dac3686ea,26759a13-ca7f-4ebb-b951-537060c9bf5f,completed,0.8123019883752539,
claude-opus-4-8,Opus 4.8,DBEVAL-V0-075,75,DragonTFBind,tf_bench_rerun,tf_bench_rerun,d0785f45-515b-4721-aa3c-d948dc5dd0f2,bc438e78-7920-4d70-9095-8a8886d86a98,completed,0.7822749024406355,3077ca83-2ef4-4613-90e2-206dac3686ea,ebd230d9-3ad0-4457-8fd0-630fac974531,completed,0.6785655869947684,
claude-opus-4-8,Opus 4.8,DBEVAL-V0-076,76,DragonTFBind,tf_bench_rerun,tf_bench_rerun,d0785f45-515b-4721-aa3c-d948dc5dd0f2,c727a132-274d-4797-a488-d45383049541,completed,0.6187649858959742,3077ca83-2ef4-4613-90e2-206dac3686ea,01eef835-eaa3-4e8d-a79a-7eedf40ef48c,completed,0.7309997154657678,
claude-opus-4-8,Opus 4.8,DBEVAL-V0-077,77,DragonTFBind,tf_bench_rerun,tf_bench_rerun,d0785f45-515b-4721-aa3c-d948dc5dd0f2,8c4f852c-f241-4b76-9fa0-683ce24580f1,completed,0.8816806132678185,3077ca83-2ef4-4613-90e2-206dac3686ea,eb7fc122-fd3a-40ca-9f99-d3d15169b4f7,completed,0.9596296492550376,
claude-opus-4-8,Opus 4.8,DBEVAL-V0-078,78,DragonTFBind,tf_bench_rerun,tf_bench_rerun,d0785f45-515b-4721-aa3c-d948dc5dd0f2,2681884d-418d-48a2-a488-8ffca66335b2,completed,0.3814398284627892,3077ca83-2ef4-4613-90e2-206dac3686ea,3ca5cb23-ebfe-48b1-ab84-fa7d779d44de,completed,0.1232104874677286,
claude-opus-4-8,Opus 4.8,DBEVAL-V0-079,79,DragonTFBind,tf_bench_rerun,tf_bench_rerun,d0785f45-515b-4721-aa3c-d948dc5dd0f2,4c9d2097-9021-4547-a0b9-4b074c247bdc,completed,0.0,3077ca83-2ef4-4613-90e2-206dac3686ea,4ad01f22-a1d0-4a4d-a5a6-05abba945ea4,completed,0.0,
claude-opus-4-8,Opus 4.8,DBEVAL-V0-080,80,DragonTFBind,tf_bench_rerun,tf_bench_rerun,d0785f45-515b-4721-aa3c-d948dc5dd0f2,7bb57b0e-6b7b-4d82-945a-f3e82855019f,completed,0.7952050661173402,3077ca83-2ef4-4613-90e2-206dac3686ea,49428c5e-b47a-4eb5-a754-dfb0c42c7599,completed,0.7046939203804071,
gemini-3.1-pro-preview,Gemini 3.1 Pro,DBEVAL-V0-061,61,DragonTFBind,tf_bench_rerun,tf_bench_rerun,a22bf38c-950f-482d-88b7-8f471a6d2c57,8c3373aa-73fb-47db-bc72-39150eadd544,error,0.0,5d9c1a9f-aa0b-4b75-a9c1-c4244c1dea7d,0f9e5573-55ef-4a61-ae45-7b3f584c4832,completed,0.6465790872963896,
gemini-3.1-pro-preview,Gemini 3.1 Pro,DBEVAL-V0-062,62,DragonTFBind,tf_bench_rerun,tf_bench_rerun,a22bf38c-950f-482d-88b7-8f471a6d2c57,7ab989c0-0e2e-431f-a086-eb62389143f3,completed,0.9284766908852592,5d9c1a9f-aa0b-4b75-a9c1-c4244c1dea7d,7f378a8a-3559-41b7-bf75-971de4ee718e,completed,0.9284766908852592,
gemini-3.1-pro-preview,Gemini 3.1 Pro,DBEVAL-V0-063,63,DragonTFBind,tf_bench_rerun,tf_bench_rerun,a22bf38c-950f-482d-88b7-8f471a6d2c57,efe91723-1f14-48a6-b174-1c965b69c2db,error,0.0,5d9c1a9f-aa0b-4b75-a9c1-c4244c1dea7d,8677010f-30b2-43ea-8701-0e7ed2714a43,completed,0.9814798787003116,
gemini-3.1-pro-preview,Gemini 3.1 Pro,DBEVAL-V0-064,64,DragonTFBind,tf_bench_rerun,tf_bench_rerun,a22bf38c-950f-482d-88b7-8f471a6d2c57,12dae7d0-7337-407e-97f5-3aa1e36385a7,error,0.0,5d9c1a9f-aa0b-4b75-a9c1-c4244c1dea7d,8d7db862-4a0f-4519-a723-418a5a5c0974,completed,0.8230548917531015,
gemini-3.1-pro-preview,Gemini 3.1 Pro,DBEVAL-V0-065,65,DragonTFBind,tf_bench_rerun,tf_bench_rerun,a22bf38c-950f-482d-88b7-8f471a6d2c57,384b8480-cd26-4007-b443-f190fdfa2b94,error,0.0,5d9c1a9f-aa0b-4b75-a9c1-c4244c1dea7d,0058e5f1-653e-485c-9437-d316756df36c,completed,0.8987170342729173,
gemini-3.1-pro-preview,Gemini 3.1 Pro,DBEVAL-V0-066,66,DragonTFBind,tf_bench_rerun,tf_bench_rerun,a22bf38c-950f-482d-88b7-8f471a6d2c57,2e8e12e9-1a8f-43ee-b25d-b66a97032329,error,0.0,5d9c1a9f-aa0b-4b75-a9c1-c4244c1dea7d,3bd6b5d0-f2fd-4eb8-a2f4-8d4111727ba6,completed,0.8539125638299666,
gemini-3.1-pro-preview,Gemini 3.1 Pro,DBEVAL-V0-067,67,DragonTFBind,tf_bench_rerun,tf_bench_rerun,a22bf38c-950f-482d-88b7-8f471a6d2c57,a29c9873-f5d4-4070-94e3-c42b15e4524f,error,0.0,5d9c1a9f-aa0b-4b75-a9c1-c4244c1dea7d,941697d3-8e92-411d-a65b-45bea82cd2a9,completed,0.7184212081070995,
gemini-3.1-pro-preview,Gemini 3.1 Pro,DBEVAL-V0-068,68,DragonTFBind,tf_bench_rerun,tf_bench_rerun,a22bf38c-950f-482d-88b7-8f471a6d2c57,2e5a8780-01f7-448e-b2d2-de8f03e5362d,error,0.0,5d9c1a9f-aa0b-4b75-a9c1-c4244c1dea7d,72a33be4-5593-454f-9130-286b92f4b4c1,completed,0.8230548917531015,
gemini-3.1-pro-preview,Gemini 3.1 Pro,DBEVAL-V0-069,69,DragonTFBind,tf_bench_rerun,tf_bench_rerun,a22bf38c-950f-482d-88b7-8f471a6d2c57,6d1df4bd-9331-4590-af5a-c9f899de8181,error,0.0,5d9c1a9f-aa0b-4b75-a9c1-c4244c1dea7d,37986954-af47-4088-a4b4-7a0be365059c,completed,0.7243738572752056,
gemini-3.1-pro-preview,Gemini 3.1 Pro,DBEVAL-V0-070,70,DragonTFBind,tf_bench_rerun,tf_bench_rerun,a22bf38c-950f-482d-88b7-8f471a6d2c57,aa79d72e-60a9-4942-8c45-dee616d0b788,completed,0.4683329274218847,5d9c1a9f-aa0b-4b75-a9c1-c4244c1dea7d,e9971784-373f-4f53-bcf8-de71e7ab95da,completed,0.3088194587911824,
gemini-3.1-pro-preview,Gemini 3.1 Pro,DBEVAL-V0-071,71,DragonTFBind,tf_bench_rerun,tf_bench_rerun,a22bf38c-950f-482d-88b7-8f471a6d2c57,2ccea38a-2b40-483a-b2a7-ba6583b91e7f,completed,0.7332355751067664,5d9c1a9f-aa0b-4b75-a9c1-c4244c1dea7d,66a472b4-f727-4c87-aea4-0fddf906bc2d,completed,0.7890063481175086,
gemini-3.1-pro-preview,Gemini 3.1 Pro,DBEVAL-V0-072,72,DragonTFBind,tf_bench_rerun,tf_bench_rerun,a22bf38c-950f-482d-88b7-8f471a6d2c57,022b5bfa-7f69-4623-92e3-ee6d3451e8b8,completed,0.0,5d9c1a9f-aa0b-4b75-a9c1-c4244c1dea7d,fb98a0d8-5c95-4b6d-84eb-5560e33f4b07,completed,0.4393920866735805,
gemini-3.1-pro-preview,Gemini 3.1 Pro,DBEVAL-V0-073,73,DragonTFBind,tf_bench_rerun,tf_bench_rerun,a22bf38c-950f-482d-88b7-8f471a6d2c57,0ed20bc4-291d-4f44-9925-830eb46d193e,completed,0.8629489272626915,5d9c1a9f-aa0b-4b75-a9c1-c4244c1dea7d,dd4e8ad9-3125-4743-b775-dc1bc1fff399,completed,0.6944562646748169,
gemini-3.1-pro-preview,Gemini 3.1 Pro,DBEVAL-V0-074,74,DragonTFBind,tf_bench_rerun,tf_bench_rerun,a22bf38c-950f-482d-88b7-8f471a6d2c57,aeacde88-093d-403b-90dd-23d08ff82418,completed,0.8261843893231645,5d9c1a9f-aa0b-4b75-a9c1-c4244c1dea7d,253c4972-4cc1-4cdf-b40f-f31b7de78c14,completed,0.8261843893231645,
gemini-3.1-pro-preview,Gemini 3.1 Pro,DBEVAL-V0-075,75,DragonTFBind,tf_bench_rerun,tf_bench_rerun,a22bf38c-950f-482d-88b7-8f471a6d2c57,d80b7e44-023e-4bce-9fb9-5f2d5ee8c3e6,completed,0.8986463755309779,5d9c1a9f-aa0b-4b75-a9c1-c4244c1dea7d,5e46fd1e-aff1-4c5f-a54e-9b690176f4a9,completed,0.5570860145311556,
gemini-3.1-pro-preview,Gemini 3.1 Pro,DBEVAL-V0-076,76,DragonTFBind,tf_bench_rerun,tf_bench_rerun,a22bf38c-950f-482d-88b7-8f471a6d2c57,5a1a8b07-b404-49c9-9271-5c76e33044ed,completed,0.8156618201430594,5d9c1a9f-aa0b-4b75-a9c1-c4244c1dea7d,03099e91-744c-4a3a-a02c-9089e58b81e4,completed,0.6831773314080839,
gemini-3.1-pro-preview,Gemini 3.1 Pro,DBEVAL-V0-077,77,DragonTFBind,tf_bench_rerun,tf_bench_rerun,a22bf38c-950f-482d-88b7-8f471a6d2c57,665ccaee-bcf7-4102-8dcb-beafc731081f,completed,0.8980265101338745,5d9c1a9f-aa0b-4b75-a9c1-c4244c1dea7d,ce1f54f6-c04a-4419-97b4-39de348e82ce,completed,0.8980265101338745,
gemini-3.1-pro-preview,Gemini 3.1 Pro,DBEVAL-V0-078,78,DragonTFBind,tf_bench_rerun,tf_bench_rerun,a22bf38c-950f-482d-88b7-8f471a6d2c57,2e06635b-d4e6-48b3-a7c3-fce0ea99200e,completed,0.0,5d9c1a9f-aa0b-4b75-a9c1-c4244c1dea7d,842991e1-6558-4675-bc4c-ad1b5802dd00,completed,0.0,
gemini-3.1-pro-preview,Gemini 3.1 Pro,DBEVAL-V0-079,79,DragonTFBind,tf_bench_rerun,tf_bench_rerun,a22bf38c-950f-482d-88b7-8f471a6d2c57,77c73d92-518a-4e97-a76f-4aba42f272bc,error,0.0,5d9c1a9f-aa0b-4b75-a9c1-c4244c1dea7d,f45ae4d0-d04f-463e-9534-7dce61ada3c2,error,0.0,"503 upstream_overloaded. {'error': {'code': 503, 'message': ""no healthy keys for provider 'gemini'"", 'status': 'upstream_overloaded'}}"
gemini-3.1-pro-preview,Gemini 3.1 Pro,DBEVAL-V0-080,80,DragonTFBind,tf_bench_rerun,tf_bench_rerun,a22bf38c-950f-482d-88b7-8f471a6d2c57,fee84908-1dbc-408b-943a-675c2c20d7d9,completed,0.8857162118542732,5d9c1a9f-aa0b-4b75-a9c1-c4244c1dea7d,c27aec68-b8fa-4c45-86b8-1e4c58594e56,completed,0.6383001298001729,
gpt-4o,GPT-4o,DBEVAL-V0-061,61,DragonTFBind,tf_bench_rerun,tf_bench_rerun,0f5e7425-9d0d-496e-b1cd-9aa4e1fa6c77,2c1665e4-4d45-4a6e-b3e4-ac7ca64d3952,completed,0.8191500733197463,5b62a4b9-7b5e-426e-bc31-b3f3d6ef02ce,2bfedc69-9abc-4d1e-952d-1e7b4f89185f,completed,0.0,
gpt-4o,GPT-4o,DBEVAL-V0-062,62,DragonTFBind,tf_bench_rerun,tf_bench_rerun,0f5e7425-9d0d-496e-b1cd-9aa4e1fa6c77,662bfa3e-131a-41a5-bbab-89a7f44414ba,completed,0.8081352297940448,5b62a4b9-7b5e-426e-bc31-b3f3d6ef02ce,fe32485e-e90c-49a5-80a7-540cb308516f,completed,0.3167890100792656,
gpt-4o,GPT-4o,DBEVAL-V0-063,63,DragonTFBind,tf_bench_rerun,tf_bench_rerun,0f5e7425-9d0d-496e-b1cd-9aa4e1fa6c77,083eda66-9648-4021-b2fc-a9c8da912c06,completed,0.6636434090439899,5b62a4b9-7b5e-426e-bc31-b3f3d6ef02ce,bacde87c-79f0-4dc0-a2c5-27f065565363,completed,0.4250300484888475,
gpt-4o,GPT-4o,DBEVAL-V0-064,64,DragonTFBind,tf_bench_rerun,tf_bench_rerun,0f5e7425-9d0d-496e-b1cd-9aa4e1fa6c77,6614a3c5-2424-40c5-b3a9-d4421db93900,completed,0.894186721257433,5b62a4b9-7b5e-426e-bc31-b3f3d6ef02ce,6415ba13-416f-432c-9379-3572236ba1f3,completed,0.0,
gpt-4o,GPT-4o,DBEVAL-V0-065,65,DragonTFBind,tf_bench_rerun,tf_bench_rerun,0f5e7425-9d0d-496e-b1cd-9aa4e1fa6c77,ebed1e1c-0e29-494a-a67a-9a7ad4756614,completed,0.8466580400786594,5b62a4b9-7b5e-426e-bc31-b3f3d6ef02ce,1796c701-85b7-4a36-92b2-8b2ed900a1c3,completed,0.7647233910387892,
gpt-4o,GPT-4o,DBEVAL-V0-066,66,DragonTFBind,tf_bench_rerun,tf_bench_rerun,0f5e7425-9d0d-496e-b1cd-9aa4e1fa6c77,804169f4-7742-408c-ba51-c47e6cdb0e8a,completed,0.8952737857857515,5b62a4b9-7b5e-426e-bc31-b3f3d6ef02ce,dea0f0ed-7b23-4876-b692-58c2cbf5a646,completed,0.5384617697117201,
gpt-4o,GPT-4o,DBEVAL-V0-067,67,DragonTFBind,tf_bench_rerun,tf_bench_rerun,0f5e7425-9d0d-496e-b1cd-9aa4e1fa6c77,f235e57f-10ed-447c-9c10-367b53c462a5,completed,0.781631749350903,5b62a4b9-7b5e-426e-bc31-b3f3d6ef02ce,08f9f422-0a41-4205-941a-90e3c62d8323,completed,0.8441622892989752,
gpt-4o,GPT-4o,DBEVAL-V0-068,68,DragonTFBind,tf_bench_rerun,tf_bench_rerun,0f5e7425-9d0d-496e-b1cd-9aa4e1fa6c77,855ece62-a7fd-44c9-b024-830ec0997c81,completed,0.919198937236662,5b62a4b9-7b5e-426e-bc31-b3f3d6ef02ce,7b65ab75-dd93-457b-9d32-2770d1e9e736,completed,0.8191500733197463,
gpt-4o,GPT-4o,DBEVAL-V0-069,69,DragonTFBind,tf_bench_rerun,tf_bench_rerun,0f5e7425-9d0d-496e-b1cd-9aa4e1fa6c77,82dab348-0aad-4a43-926f-befac2116e67,completed,0.8316561813093608,5b62a4b9-7b5e-426e-bc31-b3f3d6ef02ce,7550a4c6-5b46-47be-83a8-927224450546,completed,0.0,
gpt-4o,GPT-4o,DBEVAL-V0-070,70,DragonTFBind,tf_bench_rerun,tf_bench_rerun,0f5e7425-9d0d-496e-b1cd-9aa4e1fa6c77,f8af5a8d-bcb8-4396-abda-837701ac1f45,completed,0.8210653934707496,5b62a4b9-7b5e-426e-bc31-b3f3d6ef02ce,53afba6b-8af3-42b4-820e-d3a3564d5032,completed,0.1228365549286948,
gpt-4o,GPT-4o,DBEVAL-V0-071,71,DragonTFBind,tf_bench_rerun,tf_bench_rerun,0f5e7425-9d0d-496e-b1cd-9aa4e1fa6c77,c61f8afe-08c9-4691-b7f3-9f3243191739,completed,0.8504153432937824,5b62a4b9-7b5e-426e-bc31-b3f3d6ef02ce,ce9d1bb6-2e30-487f-9fff-611fc114c1f3,completed,0.741505728044779,
gpt-4o,GPT-4o,DBEVAL-V0-072,72,DragonTFBind,tf_bench_rerun,tf_bench_rerun,0f5e7425-9d0d-496e-b1cd-9aa4e1fa6c77,a0d94c23-0ab8-43bf-b819-cd7442554ef2,completed,0.9244162777371754,5b62a4b9-7b5e-426e-bc31-b3f3d6ef02ce,792a6aa5-82da-467f-bb0b-72edcc2c6262,completed,0.2556896087358145,
gpt-4o,GPT-4o,DBEVAL-V0-073,73,DragonTFBind,tf_bench_rerun,tf_bench_rerun,0f5e7425-9d0d-496e-b1cd-9aa4e1fa6c77,e2f5e004-b40a-4482-b20f-c316135312af,completed,0.9244162777371754,5b62a4b9-7b5e-426e-bc31-b3f3d6ef02ce,02a97440-d4bb-4da7-b1c3-3dfb17babe25,completed,0.0,
gpt-4o,GPT-4o,DBEVAL-V0-074,74,DragonTFBind,tf_bench_rerun,tf_bench_rerun,0f5e7425-9d0d-496e-b1cd-9aa4e1fa6c77,06b6abc3-1033-42cd-a088-392c5c151bd2,completed,0.8691745052782042,5b62a4b9-7b5e-426e-bc31-b3f3d6ef02ce,75b70c21-274d-41e5-bcc7-a20f018feee8,completed,0.3689301856936262,
gpt-4o,GPT-4o,DBEVAL-V0-075,75,DragonTFBind,tf_bench_rerun,tf_bench_rerun,0f5e7425-9d0d-496e-b1cd-9aa4e1fa6c77,b6bb24c0-e5b3-4059-b446-2d20e49bcab9,completed,0.2004175369889231,5b62a4b9-7b5e-426e-bc31-b3f3d6ef02ce,195422de-0943-465c-9341-a334f141df60,completed,0.0,
gpt-4o,GPT-4o,DBEVAL-V0-076,76,DragonTFBind,tf_bench_rerun,tf_bench_rerun,0f5e7425-9d0d-496e-b1cd-9aa4e1fa6c77,0e4e1db2-1bd1-4b98-b3eb-b18eb8dec214,completed,0.8636419272102982,5b62a4b9-7b5e-426e-bc31-b3f3d6ef02ce,1d846ecd-19ee-4eb5-8bfa-1ce047940824,completed,0.0,
gpt-4o,GPT-4o,DBEVAL-V0-077,77,DragonTFBind,tf_bench_rerun,tf_bench_rerun,0f5e7425-9d0d-496e-b1cd-9aa4e1fa6c77,8f1ace45-e116-4ac5-9b97-26a02be04746,completed,0.1473940964542051,5b62a4b9-7b5e-426e-bc31-b3f3d6ef02ce,3e88b65d-577a-441a-bc0d-5c57ce6ff934,completed,0.3126526997403612,
gpt-4o,GPT-4o,DBEVAL-V0-078,78,DragonTFBind,tf_bench_rerun,tf_bench_rerun,0f5e7425-9d0d-496e-b1cd-9aa4e1fa6c77,bc75c932-a1e5-4b83-b7cb-f0d29b2355b7,completed,0.0840460638985806,5b62a4b9-7b5e-426e-bc31-b3f3d6ef02ce,8a73c988-d4c3-41ac-999f-1c6a104351aa,completed,0.0,
gpt-4o,GPT-4o,DBEVAL-V0-079,79,DragonTFBind,tf_bench_rerun,tf_bench_rerun,0f5e7425-9d0d-496e-b1cd-9aa4e1fa6c77,b6f111c6-c406-423b-99b7-ec8cc553a05d,completed,0.7046939203804071,5b62a4b9-7b5e-426e-bc31-b3f3d6ef02ce,1aaf22e2-e75a-4f9d-abb4-b4ee1a879f3f,completed,0.2757435090054173,
gpt-4o,GPT-4o,DBEVAL-V0-080,80,DragonTFBind,tf_bench_rerun,tf_bench_rerun,0f5e7425-9d0d-496e-b1cd-9aa4e1fa6c77,deb5c1ba-7a86-49db-b50a-44dbdbeb96ef,completed,0.8727860481775684,5b62a4b9-7b5e-426e-bc31-b3f3d6ef02ce,11d55009-1cf6-4b2f-bc75-7057a4094449,completed,0.5385657345188959,
gpt-5,GPT-5,DBEVAL-V0-061,61,DragonTFBind,tf_bench_rerun,tf_bench_rerun,9c2a4fe7-68a4-42b4-a9da-06db80b501b9,a88936b1-e474-4630-8fc3-2cbc641eb795,completed,0.6522972779249929,5967cd92-82f5-43c5-8160-13ecbe6c9b44,87274636-78fd-4e75-a5e2-38c00d29425e,completed,0.6628237234495657,
gpt-5,GPT-5,DBEVAL-V0-062,62,DragonTFBind,tf_bench_rerun,tf_bench_rerun,9c2a4fe7-68a4-42b4-a9da-06db80b501b9,6e0f5343-095c-45c4-b082-aa340e29930b,completed,0.6788335930269978,5967cd92-82f5-43c5-8160-13ecbe6c9b44,670a29b7-bd85-4cb4-91de-2eed17c9046a,completed,0.8105953122876886,
gpt-5,GPT-5,DBEVAL-V0-063,63,DragonTFBind,tf_bench_rerun,tf_bench_rerun,9c2a4fe7-68a4-42b4-a9da-06db80b501b9,65a789c6-47d5-42a4-b206-420327f0fa5d,completed,0.7680367542868648,5967cd92-82f5-43c5-8160-13ecbe6c9b44,0a4d56a0-7f9e-4ccc-ad3f-288ed4d6e529,completed,0.8077139631447794,
gpt-5,GPT-5,DBEVAL-V0-064,64,DragonTFBind,tf_bench_rerun,tf_bench_rerun,9c2a4fe7-68a4-42b4-a9da-06db80b501b9,e18f26aa-bc83-43b9-a175-5052c3a009b9,completed,0.0187591619844216,5967cd92-82f5-43c5-8160-13ecbe6c9b44,e0f38250-3c1d-41b8-badd-3f2b88440c74,completed,0.536263627524874,
gpt-5,GPT-5,DBEVAL-V0-065,65,DragonTFBind,tf_bench_rerun,tf_bench_rerun,9c2a4fe7-68a4-42b4-a9da-06db80b501b9,aa5f1683-fc1b-4738-a033-79d3daf5d5d5,completed,0.7988628281387351,5967cd92-82f5-43c5-8160-13ecbe6c9b44,eee5adc0-12b4-4881-9a15-b5cc57a91f3c,completed,0.8492353916724403,
gpt-5,GPT-5,DBEVAL-V0-066,66,DragonTFBind,tf_bench_rerun,tf_bench_rerun,9c2a4fe7-68a4-42b4-a9da-06db80b501b9,2b700438-c181-488f-9780-e013d68f0b8e,completed,0.7071365409467167,5967cd92-82f5-43c5-8160-13ecbe6c9b44,dfcd4c61-b109-42b0-af65-da9e7e5a0f9e,completed,0.8822988033830594,
gpt-5,GPT-5,DBEVAL-V0-067,67,DragonTFBind,tf_bench_rerun,tf_bench_rerun,9c2a4fe7-68a4-42b4-a9da-06db80b501b9,b4f73a45-64b8-469a-882d-e827eb339d57,completed,0.781631749350903,5967cd92-82f5-43c5-8160-13ecbe6c9b44,533d3043-f0e5-4f67-a925-f6cba26c2ab2,completed,0.9470854708334032,
gpt-5,GPT-5,DBEVAL-V0-068,68,DragonTFBind,tf_bench_rerun,tf_bench_rerun,9c2a4fe7-68a4-42b4-a9da-06db80b501b9,6cb5534f-733a-4450-a61a-ba58c4e1d8a4,completed,0.9066928292470476,5967cd92-82f5-43c5-8160-13ecbe6c9b44,da64f5b5-8e5e-4261-b028-8cddde17cf63,completed,0.9491216000737296,
gpt-5,GPT-5,DBEVAL-V0-069,69,DragonTFBind,tf_bench_rerun,tf_bench_rerun,9c2a4fe7-68a4-42b4-a9da-06db80b501b9,7bc0da3c-6e44-45ca-80a5-cc44acc2c0da,completed,0.0,5967cd92-82f5-43c5-8160-13ecbe6c9b44,11baea38-0a08-42bb-a2d0-f9997562ddf7,completed,0.8341878650386929,
gpt-5,GPT-5,DBEVAL-V0-070,70,DragonTFBind,tf_bench_rerun,tf_bench_rerun,9c2a4fe7-68a4-42b4-a9da-06db80b501b9,58404f16-f783-4937-b5f9-38085392d884,completed,0.1874873733122184,5967cd92-82f5-43c5-8160-13ecbe6c9b44,5e07f0b6-c3d2-4453-9643-45c39f7e86ae,completed,0.0,
gpt-5,GPT-5,DBEVAL-V0-071,71,DragonTFBind,tf_bench_rerun,tf_bench_rerun,9c2a4fe7-68a4-42b4-a9da-06db80b501b9,a1a5cb70-f8f4-4170-9a6a-d26e85cf3ddb,completed,0.5565218055378429,5967cd92-82f5-43c5-8160-13ecbe6c9b44,63fa770d-15e1-4691-b337-650c5a2199d7,completed,0.4439668336313129,
gpt-5,GPT-5,DBEVAL-V0-072,72,DragonTFBind,tf_bench_rerun,tf_bench_rerun,9c2a4fe7-68a4-42b4-a9da-06db80b501b9,598106e8-9d8e-425e-a4ab-452f89c67916,completed,0.0,5967cd92-82f5-43c5-8160-13ecbe6c9b44,d6a4ca23-c623-4589-ab76-f7c7229fe169,completed,0.2163527458533814,
gpt-5,GPT-5,DBEVAL-V0-073,73,DragonTFBind,tf_bench_rerun,tf_bench_rerun,9c2a4fe7-68a4-42b4-a9da-06db80b501b9,a8ba2945-c4b8-40f2-aae9-0482ed5587f0,completed,0.6097213746777114,5967cd92-82f5-43c5-8160-13ecbe6c9b44,034848ec-d246-4645-b468-a4c3a91bfd98,completed,0.7539565385799657,
gpt-5,GPT-5,DBEVAL-V0-074,74,DragonTFBind,tf_bench_rerun,tf_bench_rerun,9c2a4fe7-68a4-42b4-a9da-06db80b501b9,f94400cd-fc72-4d28-9677-fb998b021dc3,completed,0.2126038358234456,5967cd92-82f5-43c5-8160-13ecbe6c9b44,30b45803-bd28-4c5d-ad54-04f9381ac8fa,completed,0.0,
gpt-5,GPT-5,DBEVAL-V0-075,75,DragonTFBind,tf_bench_rerun,tf_bench_rerun,9c2a4fe7-68a4-42b4-a9da-06db80b501b9,379761dc-164e-4730-9bec-56139a83a5cf,completed,0.0,5967cd92-82f5-43c5-8160-13ecbe6c9b44,82522b53-2933-444a-ba70-652828ea8828,completed,0.2004175369889231,
gpt-5,GPT-5,DBEVAL-V0-076,76,DragonTFBind,tf_bench_rerun,tf_bench_rerun,9c2a4fe7-68a4-42b4-a9da-06db80b501b9,4259ad18-ea94-4c19-bb09-10cd071d6e85,completed,0.4592381676435713,5967cd92-82f5-43c5-8160-13ecbe6c9b44,2d3bf896-d865-4314-bfdf-32a6210b5c24,completed,0.0,
gpt-5,GPT-5,DBEVAL-V0-077,77,DragonTFBind,tf_bench_rerun,tf_bench_rerun,9c2a4fe7-68a4-42b4-a9da-06db80b501b9,46ee0769-de0d-4618-9e7d-77901c3e0c3e,completed,0.8566683972885897,5967cd92-82f5-43c5-8160-13ecbe6c9b44,1c20cab4-2907-452c-95f0-f604b0b385f3,completed,0.8604258604262907,
gpt-5,GPT-5,DBEVAL-V0-078,78,DragonTFBind,tf_bench_rerun,tf_bench_rerun,9c2a4fe7-68a4-42b4-a9da-06db80b501b9,4691573a-60d4-4acd-ab6a-1f985c8e8aa7,completed,0.0,5967cd92-82f5-43c5-8160-13ecbe6c9b44,bf383f3c-829b-4333-81ef-1214a14ecb39,completed,0.0,
gpt-5,GPT-5,DBEVAL-V0-079,79,DragonTFBind,tf_bench_rerun,tf_bench_rerun,9c2a4fe7-68a4-42b4-a9da-06db80b501b9,0902aa3c-f7eb-4ab5-aa92-ba9727789ece,completed,0.0,5967cd92-82f5-43c5-8160-13ecbe6c9b44,a520bd69-6c41-423b-85be-cd612f4b2edf,completed,0.0,
gpt-5,GPT-5,DBEVAL-V0-080,80,DragonTFBind,tf_bench_rerun,tf_bench_rerun,9c2a4fe7-68a4-42b4-a9da-06db80b501b9,49d2cf32-c077-48f1-a6fd-df7a48d82323,completed,0.4978113015531316,5967cd92-82f5-43c5-8160-13ecbe6c9b44,9e9ea2b5-3358-4c8e-bfef-2b23ce2f9167,completed,0.6712828685846021,
gpt-5.4,GPT-5.4,DBEVAL-V0-061,61,DragonTFBind,tf_bench_rerun,tf_bench_rerun,959ae140-50d8-4d2a-ad2d-b2f8ee71628c,8eacaf68-c70e-458a-bb74-0aff4cd4fd02,completed,0.0187591619844216,0a757ea7-30fa-42aa-9dfd-1aa248ee4304,f63c01bd-d399-4a95-9755-4f1aa9ef9295,completed,0.0,
gpt-5.4,GPT-5.4,DBEVAL-V0-062,62,DragonTFBind,tf_bench_rerun,tf_bench_rerun,959ae140-50d8-4d2a-ad2d-b2f8ee71628c,e9544756-5196-404f-8e41-fd2974b200f8,completed,0.6141827746434741,0a757ea7-30fa-42aa-9dfd-1aa248ee4304,ae20e61a-ca07-4791-b3a1-952f608fc1d6,completed,0.7046939203804071,
gpt-5.4,GPT-5.4,DBEVAL-V0-063,63,DragonTFBind,tf_bench_rerun,tf_bench_rerun,959ae140-50d8-4d2a-ad2d-b2f8ee71628c,82b5a9c0-3989-403d-86b8-86ce0655d04b,completed,0.7978634243562576,0a757ea7-30fa-42aa-9dfd-1aa248ee4304,cc060942-f194-473d-900a-9db1dd48ca69,completed,0.7680367542868648,
gpt-5.4,GPT-5.4,DBEVAL-V0-064,64,DragonTFBind,tf_bench_rerun,tf_bench_rerun,959ae140-50d8-4d2a-ad2d-b2f8ee71628c,6d7995f7-ed0e-48b5-b68c-400b966fcb09,completed,0.0,0a757ea7-30fa-42aa-9dfd-1aa248ee4304,778e3a14-131b-499a-a08e-8f8e2c525985,completed,0.0,
gpt-5.4,GPT-5.4,DBEVAL-V0-065,65,DragonTFBind,tf_bench_rerun,tf_bench_rerun,959ae140-50d8-4d2a-ad2d-b2f8ee71628c,640ff964-ce02-461e-9d46-8b6f9243fc8e,completed,0.87663008172639,0a757ea7-30fa-42aa-9dfd-1aa248ee4304,f637d4c3-4f6b-4877-a457-fed8ed051081,completed,0.833002265238681,
gpt-5.4,GPT-5.4,DBEVAL-V0-066,66,DragonTFBind,tf_bench_rerun,tf_bench_rerun,959ae140-50d8-4d2a-ad2d-b2f8ee71628c,47802683-174d-43ef-bc75-d05789c8c9c9,completed,0.5903616993224883,0a757ea7-30fa-42aa-9dfd-1aa248ee4304,068d6aa9-fd4f-462f-bf24-d64b83371533,completed,0.488043005901894,
gpt-5.4,GPT-5.4,DBEVAL-V0-067,67,DragonTFBind,tf_bench_rerun,tf_bench_rerun,959ae140-50d8-4d2a-ad2d-b2f8ee71628c,2eac478f-9e49-4a88-ac13-0ee068255469,completed,0.8316561813093608,0a757ea7-30fa-42aa-9dfd-1aa248ee4304,7b191773-6010-4cc5-a1ea-f5dfa2047fc4,completed,0.6940889934236019,
gpt-5.4,GPT-5.4,DBEVAL-V0-068,68,DragonTFBind,tf_bench_rerun,tf_bench_rerun,959ae140-50d8-4d2a-ad2d-b2f8ee71628c,87ab228a-9335-4e91-8651-ed3f7f892287,completed,0.8816806132678185,0a757ea7-30fa-42aa-9dfd-1aa248ee4304,e891c2d0-4aff-4ee9-90d7-16379fe5ccce,completed,0.7316073173924452,
gpt-5.4,GPT-5.4,DBEVAL-V0-069,69,DragonTFBind,tf_bench_rerun,tf_bench_rerun,959ae140-50d8-4d2a-ad2d-b2f8ee71628c,57ed9ee8-25c0-4e86-a246-ae909b780ce0,completed,0.0812897019324939,0a757ea7-30fa-42aa-9dfd-1aa248ee4304,d6395a29-61d2-4df3-a573-0852d5c8ddcb,completed,0.362677131698819,
gpt-5.4,GPT-5.4,DBEVAL-V0-070,70,DragonTFBind,tf_bench_rerun,tf_bench_rerun,959ae140-50d8-4d2a-ad2d-b2f8ee71628c,238981dc-b178-4139-b4c3-97c71412da80,completed,0.0064650818383523,0a757ea7-30fa-42aa-9dfd-1aa248ee4304,0964a682-8724-4ca3-a8bf-e680f9437971,completed,0.0,
gpt-5.4,GPT-5.4,DBEVAL-V0-071,71,DragonTFBind,tf_bench_rerun,tf_bench_rerun,959ae140-50d8-4d2a-ad2d-b2f8ee71628c,1f9cebb6-f93a-41e8-ab3f-cde4571e6ac4,completed,0.7691256413612886,0a757ea7-30fa-42aa-9dfd-1aa248ee4304,6b59608f-f504-4d08-b858-234b6de4cffd,completed,0.6815828854339874,
gpt-5.4,GPT-5.4,DBEVAL-V0-072,72,DragonTFBind,tf_bench_rerun,tf_bench_rerun,959ae140-50d8-4d2a-ad2d-b2f8ee71628c,4d315f54-8fb8-4a82-9977-adce76e2eb6d,completed,0.0,0a757ea7-30fa-42aa-9dfd-1aa248ee4304,bfbd0353-ce52-4e56-9f2b-a6289f01e7d5,completed,0.5392814368074489,
gpt-5.4,GPT-5.4,DBEVAL-V0-073,73,DragonTFBind,tf_bench_rerun,tf_bench_rerun,959ae140-50d8-4d2a-ad2d-b2f8ee71628c,d9ea2eff-ec21-4860-a6e2-cc62207efcca,completed,0.5834967994227561,0a757ea7-30fa-42aa-9dfd-1aa248ee4304,6ad12588-486f-4e3c-95a3-d6ddd1c849d7,completed,0.4654862107754571,
gpt-5.4,GPT-5.4,DBEVAL-V0-074,74,DragonTFBind,tf_bench_rerun,tf_bench_rerun,959ae140-50d8-4d2a-ad2d-b2f8ee71628c,7cfacaee-7e2a-4e2a-a85e-a46200ff6954,completed,0.1250610798961444,0a757ea7-30fa-42aa-9dfd-1aa248ee4304,025a8f0a-718d-4b0f-b3f1-14bf9b79b472,completed,0.1750855118546022,
gpt-5.4,GPT-5.4,DBEVAL-V0-075,75,DragonTFBind,tf_bench_rerun,tf_bench_rerun,959ae140-50d8-4d2a-ad2d-b2f8ee71628c,23729aff-eb50-440b-816d-5ea1344476c6,completed,0.0,0a757ea7-30fa-42aa-9dfd-1aa248ee4304,2b8822be-c091-4f45-9b82-21ffb31c7d40,completed,0.0064847624983015,
gpt-5.4,GPT-5.4,DBEVAL-V0-076,76,DragonTFBind,tf_bench_rerun,tf_bench_rerun,959ae140-50d8-4d2a-ad2d-b2f8ee71628c,107cb94b-2b3a-4090-ab5e-c3c731126036,completed,0.0,0a757ea7-30fa-42aa-9dfd-1aa248ee4304,bbdc84f9-015b-43a3-bf77-17bfb5e88c79,completed,0.0,
gpt-5.4,GPT-5.4,DBEVAL-V0-077,77,DragonTFBind,tf_bench_rerun,tf_bench_rerun,959ae140-50d8-4d2a-ad2d-b2f8ee71628c,2e569070-0745-4aa3-aabf-b04d5e67fe42,completed,0.8191500733197463,0a757ea7-30fa-42aa-9dfd-1aa248ee4304,41dedb3f-fa9c-48a8-a238-0b9854917250,completed,0.5690279135274574,
gpt-5.4,GPT-5.4,DBEVAL-V0-078,78,DragonTFBind,tf_bench_rerun,tf_bench_rerun,959ae140-50d8-4d2a-ad2d-b2f8ee71628c,aa39ffae-7334-4979-b433-4d5b40514c8d,completed,0.2004175369889231,0a757ea7-30fa-42aa-9dfd-1aa248ee4304,1117e228-a0ca-436d-8e36-879d7d993833,completed,0.4590208105230174,
gpt-5.4,GPT-5.4,DBEVAL-V0-079,79,DragonTFBind,tf_bench_rerun,tf_bench_rerun,959ae140-50d8-4d2a-ad2d-b2f8ee71628c,5e5a2dc0-46a3-4524-919a-2b8e94a0065c,completed,0.0778171499796181,0a757ea7-30fa-42aa-9dfd-1aa248ee4304,98a4d33e-127a-4943-b3cd-a8909377970e,completed,0.0969762275752853,
gpt-5.4,GPT-5.4,DBEVAL-V0-080,80,DragonTFBind,tf_bench_rerun,tf_bench_rerun,959ae140-50d8-4d2a-ad2d-b2f8ee71628c,2f0f0590-71d3-443c-9dfb-e6cb80132daf,completed,0.3167890100792656,0a757ea7-30fa-42aa-9dfd-1aa248ee4304,01bbccb7-b6f9-45fc-bb4a-8a033502fdd0,completed,0.0,
gpt-5.4-mini,GPT-5.4 mini,DBEVAL-V0-061,61,DragonTFBind,tf_bench_rerun,tf_bench_rerun,f2e5a6ab-054a-4b34-889f-33b8890dc11f,cddbf24d-23c6-4ba7-928b-0715de7653a4,completed,0.362677131698819,c4352fc5-82b3-4d24-b611-3950e78602e5,5d10ac2c-e8bc-43b5-8fb4-3f186da50a4d,completed,0.495300495300743,
gpt-5.4-mini,GPT-5.4 mini,DBEVAL-V0-062,62,DragonTFBind,tf_bench_rerun,tf_bench_rerun,f2e5a6ab-054a-4b34-889f-33b8890dc11f,f8001cbc-09f2-4233-b3c1-4568193efe5a,completed,0.756414575087226,c4352fc5-82b3-4d24-b611-3950e78602e5,178d93fd-b617-40a4-9de6-f930392b685d,completed,0.0208338356984684,
gpt-5.4-mini,GPT-5.4 mini,DBEVAL-V0-063,63,DragonTFBind,tf_bench_rerun,tf_bench_rerun,f2e5a6ab-054a-4b34-889f-33b8890dc11f,f2312424-cc99-49c8-a0ac-2c4135941f1e,completed,0.812776759390954,c4352fc5-82b3-4d24-b611-3950e78602e5,448ff333-88a7-460e-978b-f268bfd2f534,completed,0.4250300484888475,
gpt-5.4-mini,GPT-5.4 mini,DBEVAL-V0-064,64,DragonTFBind,tf_bench_rerun,tf_bench_rerun,f2e5a6ab-054a-4b34-889f-33b8890dc11f,946046cf-b221-4540-a824-4790652edfd8,completed,0.3376649157195901,c4352fc5-82b3-4d24-b611-3950e78602e5,93d90d9b-3053-4b23-bebb-88d22096e49b,completed,0.1188080259013372,
gpt-5.4-mini,GPT-5.4 mini,DBEVAL-V0-065,65,DragonTFBind,tf_bench_rerun,tf_bench_rerun,f2e5a6ab-054a-4b34-889f-33b8890dc11f,94b9f121-9d0e-4f17-9634-c3784adf9655,completed,0.8466580400786594,c4352fc5-82b3-4d24-b611-3950e78602e5,2405e014-bdb4-4b13-9c4d-211700f3b42b,completed,0.6244861568344784,
gpt-5.4-mini,GPT-5.4 mini,DBEVAL-V0-066,66,DragonTFBind,tf_bench_rerun,tf_bench_rerun,f2e5a6ab-054a-4b34-889f-33b8890dc11f,4221e205-baf1-4d16-be73-514181612e20,completed,0.5401510134063905,c4352fc5-82b3-4d24-b611-3950e78602e5,d1f0b387-1af4-40e1-94f0-355545feaf19,completed,0.0,
gpt-5.4-mini,GPT-5.4 mini,DBEVAL-V0-067,67,DragonTFBind,tf_bench_rerun,tf_bench_rerun,f2e5a6ab-054a-4b34-889f-33b8890dc11f,4d80068d-404e-4d9e-852e-bfa423d8fe61,completed,0.6065462374963008,c4352fc5-82b3-4d24-b611-3950e78602e5,9f79c149-a628-4125-866d-878b02e96ed8,completed,0.7316073173924452,
gpt-5.4-mini,GPT-5.4 mini,DBEVAL-V0-068,68,DragonTFBind,tf_bench_rerun,tf_bench_rerun,f2e5a6ab-054a-4b34-889f-33b8890dc11f,e6cf9285-286d-4e4c-aa5f-1033e8335d49,completed,0.8925659713566291,c4352fc5-82b3-4d24-b611-3950e78602e5,75ca3fab-2179-4be6-8bd7-0b698e5003b7,completed,0.3586040618072619,
gpt-5.4-mini,GPT-5.4 mini,DBEVAL-V0-069,69,DragonTFBind,tf_bench_rerun,tf_bench_rerun,f2e5a6ab-054a-4b34-889f-33b8890dc11f,9dd12c8f-c156-4c07-9782-36bba730d4fb,completed,0.0750366479376866,c4352fc5-82b3-4d24-b611-3950e78602e5,9d782a21-28cd-49ef-9510-14f57ccb5111,completed,0.1128976057947103,
gpt-5.4-mini,GPT-5.4 mini,DBEVAL-V0-070,70,DragonTFBind,tf_bench_rerun,tf_bench_rerun,f2e5a6ab-054a-4b34-889f-33b8890dc11f,9b54e7a2-32ec-4975-99ac-3250831105f9,completed,0.252138191695742,c4352fc5-82b3-4d24-b611-3950e78602e5,a8008867-dbd3-40de-93f2-adac906cac59,completed,0.0,
gpt-5.4-mini,GPT-5.4 mini,DBEVAL-V0-071,71,DragonTFBind,tf_bench_rerun,tf_bench_rerun,f2e5a6ab-054a-4b34-889f-33b8890dc11f,dd77ed99-efd7-448f-910f-7711886258fb,completed,0.5565218055378429,c4352fc5-82b3-4d24-b611-3950e78602e5,566d8b7f-3245-420e-86c6-36344646e8b5,completed,0.6503176154599513,
gpt-5.4-mini,GPT-5.4 mini,DBEVAL-V0-072,72,DragonTFBind,tf_bench_rerun,tf_bench_rerun,f2e5a6ab-054a-4b34-889f-33b8890dc11f,37df81b1-4c44-4f07-a4f1-64cd06d74322,completed,0.6752828128150997,c4352fc5-82b3-4d24-b611-3950e78602e5,cdae9d6b-d900-4e5d-a33b-f1ca12370fd9,completed,0.0,
gpt-5.4-mini,GPT-5.4 mini,DBEVAL-V0-073,73,DragonTFBind,tf_bench_rerun,tf_bench_rerun,f2e5a6ab-054a-4b34-889f-33b8890dc11f,bf690914-3317-4c53-bc80-6b0c44e38acc,completed,0.2899235880237521,c4352fc5-82b3-4d24-b611-3950e78602e5,42985ed0-3ee0-4bb5-9d34-4c0da3b3b2c3,completed,0.2176760165754188,
gpt-5.4-mini,GPT-5.4 mini,DBEVAL-V0-074,74,DragonTFBind,tf_bench_rerun,tf_bench_rerun,f2e5a6ab-054a-4b34-889f-33b8890dc11f,43b203f2-09f7-4bed-a091-5941c894da40,completed,0.0,c4352fc5-82b3-4d24-b611-3950e78602e5,884c486b-801e-433f-87f3-c0809831c5f9,completed,0.4009546552957644,
gpt-5.4-mini,GPT-5.4 mini,DBEVAL-V0-075,75,DragonTFBind,tf_bench_rerun,tf_bench_rerun,f2e5a6ab-054a-4b34-889f-33b8890dc11f,96ec8137-63a0-4c14-b221-393de5003ada,completed,0.8469257208241591,c4352fc5-82b3-4d24-b611-3950e78602e5,3af63678-c244-4db5-b547-2597193cd379,completed,0.1951387197591186,
gpt-5.4-mini,GPT-5.4 mini,DBEVAL-V0-076,76,DragonTFBind,tf_bench_rerun,tf_bench_rerun,f2e5a6ab-054a-4b34-889f-33b8890dc11f,ec442f8f-c82d-43f1-9ddb-8294c48cefa6,completed,0.6854301009605541,c4352fc5-82b3-4d24-b611-3950e78602e5,a7cc96b9-b790-4eb2-a9a5-1ddbe67ebe2b,completed,0.0293483635441874,
gpt-5.4-mini,GPT-5.4 mini,DBEVAL-V0-077,77,DragonTFBind,tf_bench_rerun,tf_bench_rerun,f2e5a6ab-054a-4b34-889f-33b8890dc11f,86896874-3d95-485d-b311-d5ea25b62b8c,completed,0.8191500733197463,c4352fc5-82b3-4d24-b611-3950e78602e5,37175149-a191-4bb4-af8f-4f065fc26de9,completed,0.0,
gpt-5.4-mini,GPT-5.4 mini,DBEVAL-V0-078,78,DragonTFBind,tf_bench_rerun,tf_bench_rerun,f2e5a6ab-054a-4b34-889f-33b8890dc11f,185f84b4-ee8a-42b5-be0d-76e577ecb86d,completed,0.0,c4352fc5-82b3-4d24-b611-3950e78602e5,2995badf-0e5b-4fd2-8aba-63d9dcb433f5,completed,0.026343739793893,
gpt-5.4-mini,GPT-5.4 mini,DBEVAL-V0-079,79,DragonTFBind,tf_bench_rerun,tf_bench_rerun,f2e5a6ab-054a-4b34-889f-33b8890dc11f,c82e2701-45d0-4e89-8409-9364e9da0bd1,completed,0.0,c4352fc5-82b3-4d24-b611-3950e78602e5,205d5192-3a21-4b69-b4fa-c73d0e9d4bf8,completed,0.0,
gpt-5.4-mini,GPT-5.4 mini,DBEVAL-V0-080,80,DragonTFBind,tf_bench_rerun,tf_bench_rerun,f2e5a6ab-054a-4b34-889f-33b8890dc11f,de0f4ca3-963d-4fe7-8a80-672330e6a848,completed,0.8727860481775684,c4352fc5-82b3-4d24-b611-3950e78602e5,77dc2702-8bee-45f0-a211-1a71e0e87a08,completed,0.0,
gpt-5.5,GPT-5.5,DBEVAL-V0-061,61,DragonTFBind,tf_bench_rerun,tf_bench_rerun,b4407a3e-477b-4933-83fb-96ff3213ca5c,d88dd670-5e4c-4daf-b42d-86681c517c30,completed,0.0,08e86b1e-ecac-459f-9ee6-d29cd9c82d4d,cee67766-fdf9-491b-877f-25a86759868c,completed,0.0,
gpt-5.5,GPT-5.5,DBEVAL-V0-062,62,DragonTFBind,tf_bench_rerun,tf_bench_rerun,b4407a3e-477b-4933-83fb-96ff3213ca5c,0ee92d79-d712-4322-9ba0-dae1b77a616f,completed,0.8986463755309779,08e86b1e-ecac-459f-9ee6-d29cd9c82d4d,3955aa71-9a58-4ae7-9214-370567d768f4,completed,0.756414575087226,
gpt-5.5,GPT-5.5,DBEVAL-V0-063,63,DragonTFBind,tf_bench_rerun,tf_bench_rerun,b4407a3e-477b-4933-83fb-96ff3213ca5c,78b5a62a-35c1-411c-8d03-982bbc687769,completed,0.7531234192521683,08e86b1e-ecac-459f-9ee6-d29cd9c82d4d,961d4a1a-0bf5-4239-be60-217cabb8304d,completed,0.812776759390954,
gpt-5.5,GPT-5.5,DBEVAL-V0-064,64,DragonTFBind,tf_bench_rerun,tf_bench_rerun,b4407a3e-477b-4933-83fb-96ff3213ca5c,6e19640b-ae5c-427d-868b-e53d053b5bea,completed,0.9066928292470476,08e86b1e-ecac-459f-9ee6-d29cd9c82d4d,360368f8-776f-409b-97cc-0b5020e6d30b,completed,0.7140624739495478,
gpt-5.5,GPT-5.5,DBEVAL-V0-065,65,DragonTFBind,tf_bench_rerun,tf_bench_rerun,b4407a3e-477b-4933-83fb-96ff3213ca5c,5e2017bf-b19a-4301-b371-a207b7a88691,completed,0.8876253645985946,08e86b1e-ecac-459f-9ee6-d29cd9c82d4d,d5f23834-d3d1-435b-8071-a94908de28b8,completed,0.8739695897586162,
gpt-5.5,GPT-5.5,DBEVAL-V0-066,66,DragonTFBind,tf_bench_rerun,tf_bench_rerun,b4407a3e-477b-4933-83fb-96ff3213ca5c,404439d6-3e55-4a7b-bfde-9ac2ed76383a,completed,0.8952737857857515,08e86b1e-ecac-459f-9ee6-d29cd9c82d4d,dc864dec-f57f-48c9-80aa-a1b1a64ea1d7,completed,0.8952737857857515,
gpt-5.5,GPT-5.5,DBEVAL-V0-067,67,DragonTFBind,tf_bench_rerun,tf_bench_rerun,b4407a3e-477b-4933-83fb-96ff3213ca5c,5f6f2683-00c7-47e9-ba0e-5845eaa784af,completed,0.7691256413612886,08e86b1e-ecac-459f-9ee6-d29cd9c82d4d,39850e7b-2c85-42cc-91a9-2be19f0206ea,completed,0.9374036001628424,
gpt-5.5,GPT-5.5,DBEVAL-V0-068,68,DragonTFBind,tf_bench_rerun,tf_bench_rerun,b4407a3e-477b-4933-83fb-96ff3213ca5c,57fc42fe-6479-4e05-83e4-9b68f355414b,completed,0.919198937236662,08e86b1e-ecac-459f-9ee6-d29cd9c82d4d,27732a90-3393-4a54-9a3e-73f29b893d1c,completed,0.9432080122846648,
gpt-5.5,GPT-5.5,DBEVAL-V0-069,69,DragonTFBind,tf_bench_rerun,tf_bench_rerun,b4407a3e-477b-4933-83fb-96ff3213ca5c,4cfb356b-9839-4bdc-8fc5-ecb49a081409,completed,0.0750366479376866,08e86b1e-ecac-459f-9ee6-d29cd9c82d4d,9407ecf4-6f99-4440-979e-0742e9fec647,completed,0.9153840525080106,
gpt-5.5,GPT-5.5,DBEVAL-V0-070,70,DragonTFBind,tf_bench_rerun,tf_bench_rerun,b4407a3e-477b-4933-83fb-96ff3213ca5c,1eecb8d3-8014-49e4-a1c8-df88fdd0db9a,completed,0.6012526109667694,08e86b1e-ecac-459f-9ee6-d29cd9c82d4d,323009ce-160b-4ce7-880b-de190329b2f6,completed,0.0778171499796181,
gpt-5.5,GPT-5.5,DBEVAL-V0-071,71,DragonTFBind,tf_bench_rerun,tf_bench_rerun,b4407a3e-477b-4933-83fb-96ff3213ca5c,25f54f82-d50c-4795-9af3-c53281e1af89,completed,0.8816806132678185,08e86b1e-ecac-459f-9ee6-d29cd9c82d4d,513330b2-b0ee-4bcf-9d54-1c3562257dd8,completed,0.7191012094028307,
gpt-5.5,GPT-5.5,DBEVAL-V0-072,72,DragonTFBind,tf_bench_rerun,tf_bench_rerun,b4407a3e-477b-4933-83fb-96ff3213ca5c,eaea4829-a511-4d87-8e0b-c5dae9334a0a,completed,0.0721175819511271,08e86b1e-ecac-459f-9ee6-d29cd9c82d4d,51c19aea-9b32-4dab-b130-f302ae7e00ac,completed,0.0,
gpt-5.5,GPT-5.5,DBEVAL-V0-073,73,DragonTFBind,tf_bench_rerun,tf_bench_rerun,b4407a3e-477b-4933-83fb-96ff3213ca5c,81e7ead5-9582-4ca9-9d5b-6e9aea5d2e3e,completed,0.5834967994227561,08e86b1e-ecac-459f-9ee6-d29cd9c82d4d,e267d136-084a-4c92-a069-f62dfb614e58,completed,0.6378818629341724,
gpt-5.5,GPT-5.5,DBEVAL-V0-074,74,DragonTFBind,tf_bench_rerun,tf_bench_rerun,b4407a3e-477b-4933-83fb-96ff3213ca5c,0a878a1f-2cc0-4cba-a7d5-1bce3a8b8c58,completed,0.6878359394287946,08e86b1e-ecac-459f-9ee6-d29cd9c82d4d,18bbb1e3-4973-4db2-998b-66361a593ffa,completed,0.7378603713872525,
gpt-5.5,GPT-5.5,DBEVAL-V0-075,75,DragonTFBind,tf_bench_rerun,tf_bench_rerun,b4407a3e-477b-4933-83fb-96ff3213ca5c,44973ee2-a324-4101-87e7-18c4261df0a7,completed,0.8210653934707496,08e86b1e-ecac-459f-9ee6-d29cd9c82d4d,c28c1d31-144d-4b16-873e-0211bf49b11c,completed,0.1686038249558392,
gpt-5.5,GPT-5.5,DBEVAL-V0-076,76,DragonTFBind,tf_bench_rerun,tf_bench_rerun,b4407a3e-477b-4933-83fb-96ff3213ca5c,863fc2d7-9a0c-4107-9bec-a4ec7164f563,completed,0.7402645090373985,08e86b1e-ecac-459f-9ee6-d29cd9c82d4d,7d918807-4538-475d-abdd-72fbbfc821c2,completed,0.7197016060085819,
gpt-5.5,GPT-5.5,DBEVAL-V0-077,77,DragonTFBind,tf_bench_rerun,tf_bench_rerun,b4407a3e-477b-4933-83fb-96ff3213ca5c,14a9ee5c-0e11-4e11-afe9-59484042e4fd,completed,0.6315584534755296,08e86b1e-ecac-459f-9ee6-d29cd9c82d4d,9dc93e3e-5459-4e9d-a655-8f4874ea1d67,completed,0.9317050452262764,
gpt-5.5,GPT-5.5,DBEVAL-V0-078,78,DragonTFBind,tf_bench_rerun,tf_bench_rerun,b4407a3e-477b-4933-83fb-96ff3213ca5c,9267c42c-d270-43b6-8d2f-be2c894b8bae,completed,0.0323254091917617,08e86b1e-ecac-459f-9ee6-d29cd9c82d4d,68dd2960-765b-43d5-a953-c5f355de6ca8,completed,0.0,
gpt-5.5,GPT-5.5,DBEVAL-V0-079,79,DragonTFBind,tf_bench_rerun,tf_bench_rerun,b4407a3e-477b-4933-83fb-96ff3213ca5c,d36592dc-5c44-4f22-9ebe-0f619308c042,completed,0.6271129383201788,08e86b1e-ecac-459f-9ee6-d29cd9c82d4d,8db8f311-ed36-40ff-8f83-f5b32429de47,completed,0.0,
gpt-5.5,GPT-5.5,DBEVAL-V0-080,80,DragonTFBind,tf_bench_rerun,tf_bench_rerun,b4407a3e-477b-4933-83fb-96ff3213ca5c,66c96040-b1b9-457a-ab7b-8cac5b1a5f87,completed,0.2909286827258561,08e86b1e-ecac-459f-9ee6-d29cd9c82d4d,3d9cdd2c-b97e-49c5-a8ba-807bdd53fe16,completed,0.6917637567037024,
